23,0.425106277,0,15996
10,0.377402928,0,15710
11,0.376464627,0,15789
15,0.759810905,0,15442
19,1.394076841,4,3748
21,0.491014121,4,1558
26,0.48951049,3,1144
23,0.345761414,0,36557
10,0.313686914,0,36597
11,0.318498219,0,36490
15,0.280877812,0,36272
19,0.254402481,0,36116
21,0.278211636,0,35854
26,0.300788648,0,35377
23,0.376007571,0,30643
10,0.349478218,0,30185
11,0.360187539,0,30287
15,0.334699454,0,30012
19,0.310123836,0,29959
21,0.315681182,0,29647
26,0.337400603,0,29176
1,0.20264243,3,23766
18,0.194230769,3,22880
0,0.193177511,3,23745
1,0.181416127,3,22385
10,0.182331945,4,20172
7,0.178793211,4,19324
2,0.177248271,4,19515
42,0.317489042,1,24867
37,0.34555103,2,24309
16,0.333450525,1,25599
24,0.316970715,1,24996
23,0.32179132,2,23826
30,0.353495479,2,23559
30,0.378612957,2,24080
6.5,0.313572332,0,22148
17.5,0.294303357,0,21539
10.5,0.292949261,0,21246
27,0.273566407,0,20909
3.5,0.357167194,0,20545
9.5,0.384970278,0,22542
19.5,0.368534483,0,23664
10,0.274249423,1,19052
31,0.282291498,1,18573
18,0.265857904,4,18382
53,0.246851801,4,18185
7,0.252090935,4,17815
18,0.268513768,4,17541
23,0.26249559,4,17006
11,0.289261545,0,20096
16.5,0.292392582,0,19573
13,0.288349264,2,19355
30.5,0.28361653,2,19068
11.5,0.270032989,2,18794
10.5,0.316408367,2,18454
15,0.275871657,2,17983
4,0.338165047,0,6071
2.5,0.316260987,0,5916
16,0.300531459,0,5833
1.75,0.300828778,3,5671
9,0.275987621,3,5493
8,0.275952694,3,5327
7.5,0.25871131,3,5137
1,0.349329906,0,27235
0,0.360037003,0,27025
26,0.349162218,0,26976
1,0.308203825,0,26768
2,0.306435176,0,26495
0,0.317183807,0,26234
11,0.317723702,3,26095
1,0.367884725,0,27968
0,0.376017791,0,27879
26,0.396332362,0,28138
1,0.326933165,0,28593
2,0.331933785,0,29057
0,0.331678117,0,29402
11,0.351926471,0,30029
41.5,0.407986673,0,21611
28.5,0.375363816,0,21302
46.5,0.346112184,0,21233
34.5,0.325673458,2,20714
37.5,0.323791601,0,20192
52.5,0.330208013,2,19518
52.5,0.312622077,0,18943
1.5,17.15043547,0,1263
2.5,0.246880963,0,20439
0,0.653109437,0,31324
0.5,0.19282603,0,34207
3,0.238623205,0,34544
2,0.201936215,0,34397
3,0.245133445,0,34059
41,0.297390945,0,38673
11,0.287341805,0,38007
4,0.312874047,0,36593
3,0.248605171,0,35309
9,0.240496106,0,34670
18,0.331635657,0,33968
32,0.261864477,0,36053
41,0.281249142,0,36409
11,0.288254235,0,35715
4,0.28724836,2,35666
3,0.264043179,2,35017
9,0.25997382,2,35142
18,0.261799009,2,34897
32,0.257924534,2,34797
41,0.30544977,0,22845
11,0.303595974,0,22553
4,0.313844506,0,22406
3,0.278557294,0,22236
9,0.268057216,0,22581
18,0.273215484,0,22345
32,0.261226136,0,22314
28,0.375349891,0,22507
18,0.342564103,0,22425
36,0.444756004,0,22111
15,0.284183673,0,23520
25,0.289990967,0,23249
17,0.300273056,4,22706
52,0.335726294,4,22009
16.5,0.433291405,0,35775
12.5,0.352065563,0,35874
21.5,0.35747657,0,35745
8.5,0.316798867,0,35300
17,0.31048919,0,34874
13,0.340577797,0,34095
28,0.431610289,0,32578
28,0.409459849,0,24271
18,0.352393453,0,24379
36,0.350217489,0,24599
15,0.30984748,0,24128
25,0.314693535,0,23820
17,0.330009759,0,23569
52,0.35339974,0,23090
7,0.354116369,0,16568
1,0.34534002,0,16352
9,0.338898778,0,16291
2,0.306362679,0,16141
8,0.286942973,0,16045
3,0.301803227,0,15805
1,0.334591604,0,15365
7,0.3187101,0,30545
1,0.302306037,0,29748
9,0.314835015,0,29336
2,0.270728818,0,28704
8,0.262045318,0,28289
3,0.256802168,0,27675
1,0.34059785,0,27164
6,0.503222165,0,21259
23,0.353691419,0,23365
6,0.360948503,0,23574
16,0.522966647,0,20508
1,0.309238788,0,17459
25,0.296526273,0,17071
20,0.346514545,0,16741
6,0.436779882,0,19962
23,0.325864717,0,18879
6,0.400010877,0,18387
16,0.332789204,0,18378
1,0.281761842,4,18072
25,0.262335014,4,17653
20,0.692647159,4,14729
84,0.291756405,0,26930
21,0.268792453,0,26500
0,0.27610261,0,26664
11,0.231458341,0,26009
12,0.244801623,0,25633
1,0.265113375,0,25623
6,0.258428716,0,25686
84,0.413391049,0,28646
21,0.302912,0,31250
0,0.318794657,0,32190
11,0.257517544,0,31493
12,0.255265909,0,31571
1,0.267363108,0,31302
6,0.267860619,0,30822
5.25,0.346200774,2,38521
13.5,0.319938468,2,37054
9.25,0.346624684,2,36841
2.75,0.313190192,2,37399
1.75,0.313937169,3,37052
4,0.300883067,3,37483
12.25,0.399717091,3,36761
34,0.308373092,0,41920
17,0.293065307,0,41588
3,0.302728443,0,41159
3,0.282140494,0,40813
39,0.292232482,2,40502
7,0.292384809,2,40498
17,0.306955745,2,40312
34,0.31655265,0,47654
17,0.290699158,0,47028
3,0.294476695,0,46856
3,0.30114096,0,46978
39,0.280736706,0,47183
7,0.278622847,0,46676
17,0.286213331,0,46088
0.25,0.436885065,2,22665
1,0.387941863,2,22292
1.5,0.363628326,2,22622
0.5,0.315143429,2,22485
0.25,0.316447251,2,22484
2,0.330571441,2,22207
0.25,0.335203041,2,21572
54,0.377790376,2,28222
39,0.376568585,2,27732
37,0.377142857,2,27300
30,0.364650594,2,26173
20,0.342592936,2,26927
17,0.341131402,2,26887
22,0.340534142,2,27034
21,0.326274896,0,36552
2,0.271151971,0,35895
14,0.276906708,0,35716
7,0.282907992,0,35736
12,0.25211693,0,37082
4,0.2578818,0,37428
3,0.242429154,0,37017
0,0.385240464,4,6030
1.2,0.401285583,4,6534
1.5,0.321072685,4,6824
0.7,0.313913434,4,6677
0,0.266571519,4,6306
0,0.298452836,4,6011
0.1,0.296603008,4,5917
0.666666667,0.352878351,2,9363
0.666666667,0.349239356,2,9137
1,0.323706897,2,9280
3.5,0.382605856,2,9187
2.833333333,0.710919089,3,6365
1.5,0.385283019,3,5300
2.666666667,0.339095477,3,4975
27,0.219059056,0,28312
8,0.226683116,0,28370
26,0.195229796,0,30984
8,0.23952326,0,23409
12,0.22760937,0,23224
28,0.228146663,0,22937
12,0.223093682,0,22950
27,0.280879265,0,39533
8,0.286456304,0,38505
26,0.276276355,3,38371
8,0.2218273,3,41077
12,0.221362425,3,39415
28,0.214596473,3,38845
12,0.209757972,4,39045
27,0.468280679,2,27633
8,0.443561663,2,27942
26,0.435220258,2,28512
8,0.398820342,2,29161
12,0.389808302,2,29004
28,0.383284904,2,28908
12,0.384470818,2,28733
27,0.332372843,2,30887
8,0.313954637,2,30377
26,0.310185495,2,29866
8,0.283181309,2,31245
12,0.268370293,2,30484
28,0.289854591,2,30122
12,0.27171381,2,30050
27,0.327404593,2,34746
8,0.308420776,2,34213
26,0.329097206,2,34072
8,0.296235817,2,35519
12,0.305368085,2,35413
28,0.316456773,2,35256
12,0.314809575,2,35342
1,0.355803437,0,33170
0,0.334872635,0,33565
6,0.336623453,0,33940
1,0.296677585,0,34192
0,0.295832238,0,34239
2,0.298027736,0,33819
6,0.322193026,0,33871
9,0.417666571,2,24419
11,0.389645094,2,23950
12,0.385494287,2,24156
0,0.361653128,2,23882
1,0.369491092,2,23462
12,0.377799751,2,23261
17,0.393482428,2,23475
9,0.348519362,0,26779
11,0.313574813,0,26807
12,0.326128231,0,27388
0,0.28774605,0,27281
1,0.266278397,0,27644
12,0.307567859,0,27815
17,0.29098719,0,26307
9,0.399840542,0,30102
11,0.344675675,0,30417
12,0.332973291,0,30552
0,0.312055336,0,30360
1,0.288543612,0,29992
12,0.317569379,0,29836
17,0.310511411,0,30015
2,0.374624757,1,22652
0,0.368558758,1,22550
3,0.35518185,1,22656
1,0.330695637,1,22368
0,0.322355694,2,22227
0,0.33973956,1,22270
1,0.341332974,1,22251
0,0.338043667,0,17267
0,0.293782193,0,16308
0,0.315188545,0,16203
0,0.291918569,0,16210
0,0.294933199,0,15868
0,0.292572526,0,14581
1,0.278039048,3,14034
0,0.332434861,0,23373
0,0.285588906,0,22788
0,0.36643971,2,22765
0,0.520052693,2,20496
0,0.294966172,2,23501
0.5,0.315706427,2,23449
1,0.278918966,2,22978
0,0.37221172,2,15870
1,0.331058238,2,15677
2,0.339472664,2,15474
0,0.463770081,2,14753
4,0.343376692,2,15068
0,0.344248254,2,15178
1,0.323057376,2,14954
19,0.358805055,0,52856
18,0.338164996,0,51880
16,0.336933418,0,52221
5,0.296135845,0,51706
5,0.288355114,2,51499
14,0.301857796,2,51405
45,0.338634165,2,51690
0,0.33123225,0,28874
5,0.550894835,0,28441
2,0.323007778,0,37157
1,0.296119355,0,37468
9,0.277638859,0,37592
2,0.293455628,0,37941
13,0.280475614,0,38014
4.5,0.307459439,0,21141
3.5,0.333557854,0,20785
2,0.305843429,2,20553
3.5,0.292583072,0,21006
8,0.260362878,2,21109
7,0.384726018,3,20859
14,0.311808335,3,16988
72,0.538810787,1,18281
6,0.533757962,1,18055
14,0.505305545,1,18377
7,0.487294388,1,18299
12,0.471407505,1,18309
14,0.462738391,1,19296
20,0.492710901,1,18658
54,0.293214643,0,33027
39,0.288353638,0,32259
37,0.270551574,0,32090
30,0.250007938,0,31495
20,0.264983823,0,31217
17,0.251704417,0,30949
22,0.256323777,3,30836
54,0.345630431,2,18297
39,0.32132462,2,18209
37,0.321284042,2,18286
30,0.261171632,0,17992
20,0.277126591,0,17916
17,0.262361309,0,17575
22,0.282874004,0,17453
6,0.659539201,2,6033
1,0.338549702,3,4537
1,0.257404645,3,4693
1,0.317050902,4,4381
1,0.251445813,4,3977
1,0.29885357,4,3838
15,2.314894765,4,3706
6,0.338297599,0,31156
1,0.28871317,0,31869
1,0.291694185,0,31797
1,0.280374427,0,31408
1,0.277628903,0,30973
1,0.270818961,0,30441
15,0.334238103,3,29105
2.5,0.510612195,2,8151
1.25,0.446683354,3,7990
0.5,0.412041392,3,8504
4,0.407594937,4,8295
11.75,0.435912793,4,8348
6.75,0.414455842,4,8481
5,0.43062812,4,8613
0,0.476237953,1,18054
3,0.465222476,2,17957
0,0.478771256,2,18230
1,0.432051562,2,18308
1,0.446063185,2,18327
0,0.420526201,2,18396
1,0.451248773,2,18338
1.666666667,0.362688822,0,6620
1,0.305955143,4,6465
23.66666667,0.341059603,4,6342
39,0.3138833,4,5964
1.666666667,0.385515224,4,5813
3.333333333,1.470540497,4,6161
7.333333333,0.703127252,0,13878
12,0.33509122,0,35080
9,0.348708541,0,34341
3,0.343601489,0,34930
4.5,0.330962474,2,35149
7,0.303405573,2,34884
2.5,0.324500992,2,34268
6.5,0.356935646,2,33782
2,0.355080095,1,18041
0,0.345039705,1,17882
2,0.349457787,1,17613
1,0.325739385,1,17075
0,0.308119194,1,16578
1,0.314716368,4,15989
6,0.316593189,4,15651
10,0.346466949,2,36852
6,0.360203718,2,36521
8,0.365591103,2,36415
0,0.309952215,2,33902
2,0.319101796,2,33400
2,0.329167569,2,32327
39,0.45798416,2,30429
38,0.588540167,1,27784
40,0.561823443,2,27991
71,0.502387944,2,28267
40,0.469802343,2,27320
50,0.443554452,2,26592
127,0.457091685,2,26242
152,0.458527056,2,25595
38,0.52380157,2,23948
40,0.481455124,2,23888
71,0.471861291,2,23935
40,0.421155687,2,22982
50,0.403853768,2,22731
127,0.42868604,2,22436
152,0.459774599,2,23070
23,0.455835532,1,10993
37,0.450569476,1,10975
19,0.447035784,2,11234
36,0.402849855,2,11369
43,0.400438789,2,11395
36,0.402811736,2,11452
43,0.415409808,2,11603
0,0.336083042,0,83524
0,0.315601453,0,82018
0,0.331737288,0,81869
0,0.332004858,2,84809
0,0.057643694,2,84259
0,0.30338035,2,16448
0,0.302708346,2,16283
2,0.96371153,0,10885
1,0.4148866,0,19709
0,0.307925267,0,21463
1,0.297907751,0,21030
3,0.292186282,0,20528
1,0.663283406,3,20296
22,0.342267731,2,26564
2,0.880532657,0,15770
1,0.247784106,0,32831
0,0.268808658,0,32711
1,0.22491999,0,32496
3,0.243275181,0,32157
1,0.291355662,0,31350
22,0.265004832,0,30007
0,0.39363988,2,20943
0,0.434135166,2,20952
0,0.350416139,2,22108
0,0.362031006,2,21802
0,0.342862525,2,21233
0.333333333,0.350882186,2,21084
1.666666667,0.370704225,2,21300
4.5,0.347207368,2,33660
9.75,0.370021027,2,33290
10,0.347599195,2,34301
2.25,0.327926209,2,34584
4.25,0.350423411,2,34718
3.75,0.344051898,2,35608
7.25,0.365147092,2,35624
2,0.311866514,0,20916
0,0.309861279,0,19896
16,0.28113911,0,22263
5,0.237520468,0,21375
3,0.272207897,3,19779
18,0.254456305,4,19579
32,0.258616222,4,19295
2,0.261376524,2,28216
0,0.259738318,2,26750
16,0.250310723,2,26551
5,0.215455691,2,26191
3,0.207616272,3,25393
18,0.203110594,4,24947
32,0.188399528,4,25430
2,0.30052134,0,33951
0,0.290204901,0,32894
16,0.290440504,0,32826
5,0.256843206,0,32514
3,0.260843657,0,31885
18,0.254824672,2,31712
32,0.25265118,4,31684
2,0.358956916,0,39690
18,0.351708819,0,39618
5,0.333447508,0,40873
2,0.299474135,0,40885
3,0.30074636,0,40865
12,0.299770376,0,40501
5,0.323590762,0,40270
14,0.364439709,0,31912
0,0.382817435,0,31660
5,0.363773206,0,31888
0,0.331960643,2,31811
1,0.350703572,2,32335
1,0.336968543,2,32552
2,0.378922956,2,33202
105,0.378997134,0,26863
101,0.315710816,0,26765
109,0.462021273,0,26607
104,0.287402517,0,20901
94,0.283567525,0,20496
111,0.31058904,0,20474
189,0.489490559,0,19649
105,0.38638674,0,45250
101,0.337193021,0,44995
109,0.3505637,0,44882
104,0.293098269,0,43279
94,0.287590083,0,42877
111,0.311854345,0,42786
189,0.317360235,0,42822
105,0.619875944,0,22248
101,0.563180291,0,22325
109,0.546011165,2,22212
104,0.492846571,2,22297
94,0.496585191,3,22256
111,0.496699151,3,22267
189,0.520990802,3,21962
54,0.527013295,1,23618
39,0.515480139,1,23514
37,0.495671088,1,23447
30,0.480165954,1,23621
20,0.453100029,1,24403
17,0.477403967,1,23898
22,0.482421627,1,23637
4.666666667,0.43644116,1,17590
3,0.480667172,1,17147
5,0.415436863,1,16195
0,0.378459237,1,16044
1,0.368126337,1,15894
4.666666667,0.473690644,1,16363
12.33333333,0.453126883,1,16598
40,0.365895228,0,22296
37,0.334488969,0,22210
81,0.385176513,0,22208
34,0.301312291,0,23318
24,0.300265645,0,22963
97,0.315011124,0,22923
58,0.33708257,0,22938
40,0.368223913,0,33906
37,0.362348297,0,33948
81,0.332467082,0,34632
34,0.284907136,0,34513
24,0.310090167,0,34935
97,0.292863347,0,35689
58,0.310214482,0,35714
0,0.322372868,2,25151
0,0.363495114,2,24457
1,0.32557629,2,22775
3,0.287770105,2,22445
1,0.297941744,2,21766
1,0.384086399,2,21667
3,0.283629442,2,23640
1,0.334525733,0,25998
3,0.319694103,0,25368
1,0.29790431,4,25290
4,0.276346791,4,25041
3,0.280887873,4,24508
1,0.270942517,4,24042
1,0.291073084,4,23726
1,0.30225335,0,32840
3,0.33172147,0,32054
1,0.299047322,0,32015
4,0.284412955,0,31616
3,0.282951817,4,31235
1,0.267795394,4,30654
1,0.281993998,4,29990
1.5,0.334742896,0,23648
1.5,0.32082156,0,23711
1,0.322894078,0,23980
1,0.276364699,0,23943
1,0.283984244,0,23864
1,0.28528981,0,23895
4,0.319109936,2,23459
28,0.346548114,0,36777
40,0.35,2,37200
35,0.326478815,2,38612
23,0.323683433,2,37237
79,0.329745042,2,35300
121,0.347722864,2,34539
96,0.352651548,2,34527
28,0.3189293,0,24993
40,0.305858062,0,24701
35,0.313320902,0,24668
23,0.274302135,3,24360
79,0.270996175,3,24052
121,0.253154972,3,23772
96,0.270294267,4,23652
28,0.271347422,0,32744
40,0.289503564,0,31706
35,0.278886948,3,32056
23,0.247943706,3,31975
79,0.245810407,3,31805
121,0.242214971,4,31567
96,0.228801442,4,32172
28,0.328296112,0,20911
40,0.322239472,0,20612
35,0.317507993,3,20642
23,0.289931238,3,20360
79,0.277456647,3,20241
121,0.258391608,3,20020
96,0.252244613,3,20048
16,0.313490078,0,17991
13,0.340574866,0,17952
29,0.304916501,0,17126
5,0.26231257,0,16873
1,0.245998315,0,16618
20,0.276810884,0,16318
6,0.335227946,0,16890
16,0.3234534,0,24764
13,0.301837591,0,24543
29,0.302508286,0,24439
5,0.262386631,0,23816
1,0.285197634,0,23503
20,0.254121516,0,23717
6,0.287474679,0,23696
2,0.466231773,1,15636
1.75,0.465308721,1,15710
4.375,0.448758791,1,16637
0.625,0.415340774,1,16844
0.25,0.408558952,1,17175
2.5,0.432222945,1,16901
0.75,0.428144064,1,17048
0,0.336083042,0,83524
0,0.315601453,0,82018
0,0.331737288,0,81869
0,0.332004858,2,84809
0,0.040090673,2,84259
0,0.306802098,0,12011
0,0.278507664,0,11874
12,0.330056906,0,21263
1,0.311543811,0,20851
10,0.317336562,0,20650
0,0.28991989,0,20347
6,0.272159119,0,20161
1,0.287904772,0,19826
16,0.319643132,0,19503
12,0.33767308,0,27805
1,0.377870564,0,28261
10,0.328566202,0,30067
0,0.283707206,0,29823
6,0.266522576,0,29611
1,0.26569348,0,29662
16,0.29331023,0,29433
11,0.384947936,0,21512
6,0.389588154,0,21610
12,0.407198178,0,21950
6,0.372470178,2,22383
13,0.368450901,2,22923
13,0.405552461,2,23341
42,0.416197488,2,23090
11,0.340774844,0,23024
6,0.322096717,0,22664
12,0.309142029,0,22763
6,0.28502136,0,22472
13,0.282961233,0,22261
13,0.305212154,0,22083
42,0.340271077,0,21765
11,0.268451706,0,38804
6,0.240760048,0,38366
12,0.226486714,0,37936
6,0.230610189,0,37726
13,0.22390419,0,37324
13,0.25642766,0,36833
42,0.244323241,4,35936
2,0.292759192,0,26544
1,0.287558685,0,26412
11,0.281981057,0,26289
5,0.268036495,0,26086
21,0.262900408,0,25755
4,0.287166155,0,25386
18,0.296534732,0,25164
1,0.305237809,0,19932
0,0.324512393,0,19688
0,0.443644855,0,20983
3,0.267649687,0,24618
0,0.265539737,0,24373
2,0.257615613,0,23570
3,0.299360857,0,23156
1,0.316260128,0,23819
0,0.304340469,0,23638
0,0.39609229,0,24618
3,0.279585411,0,22866
0,0.263474388,0,22450
2,0.265174129,0,22110
3,0.307522531,4,21748
29,0.373552502,0,20380
2,0.358548339,0,19922
25,0.343486128,0,19896
0,0.322477064,0,19620
4,0.317398038,0,19370
0,0.340840054,4,19094
3,0.355478168,4,18665
29,0.341525303,0,35075
2,0.32351252,0,34824
25,0.294884998,0,34956
0,0.308291807,0,34516
4,0.282328755,4,35023
0,0.303107904,4,34364
3,0.298342867,4,33914
4,0.377896613,2,25245
2,0.381559311,2,24793
1,0.37053429,2,25080
3,0.338701923,2,24960
6,0.333906423,2,24429
1,0.344244634,2,24134
6,0.362451108,2,23010
4,0.350892488,0,21793
2,0.346411137,0,22124
1,0.318694934,0,21792
3,0.293508415,0,21628
6,0.300850444,0,21283
1,0.306440131,0,21071
6,0.312890403,0,21132
8,0.339607735,0,29113
2,0.3258577,0,29206
17,0.301062854,0,29449
8,0.280370268,0,28844
9,0.293139953,3,28338
15,0.27683195,3,28194
19,0.30945487,3,27975
8,0.363515787,0,30912
2,0.352972155,0,30382
17,0.338845964,0,30415
8,0.315909015,0,29939
9,0.316851871,3,29427
15,0.331252156,4,28990
19,0.337381682,4,28736
8,0.359066278,0,23990
2,0.359865377,0,23770
17,0.339047458,0,23684
8,0.322680412,2,23280
9,0.298300735,2,22598
15,0.305516459,2,22025
19,0.372804585,3,21636
8,0.360090222,0,15074
2,0.321155138,0,14890
17,0.311739515,0,14711
8,0.298717333,0,14579
9,0.30174651,3,14257
15,0.301393728,3,13776
19,0.390702864,4,13445
8,0.356970574,0,26949
2,0.34208067,0,26751
17,0.334660008,0,26633
8,0.286923048,2,26237
9,0.288037166,2,25830
15,0.303606064,4,25263
19,0.339605915,4,24817
8,0.356385716,0,38868
2,0.345438925,0,38412
17,0.336854647,0,37770
8,0.307321105,3,37508
9,0.317554613,3,37033
15,0.313181341,3,37151
19,0.344277955,3,36639
2,0.36445871,2,3427
1.47826087,0.427187233,2,3509
1.304347826,0.302320019,4,4181
2.173913043,0.288768739,4,4069
1,0.236468607,4,4157
1.347826087,0.289963787,4,3866
1.52173913,0.285595106,4,3596
2,0.40055117,0,29392
4,0.316127695,0,28944
3,0.340153188,0,28984
13,0.295262884,0,28815
16,0.285314685,0,28600
10,0.284688318,0,28266
19,0.40932966,0,27225
2,0.365132771,0,19319
4,0.287260747,0,19122
3,0.288395635,0,18967
13,0.271500578,0,19046
16,0.265019533,0,18942
10,0.275710114,0,18835
19,0.310580205,0,18752
378,0.401539855,0,33120
365,0.295830988,0,33749
315,0.297353966,0,33862
321,0.251224758,0,33476
486,0.24907399,0,33207
638,0.258529189,0,32975
610,0.280708746,0,32621
378,0.360044588,0,32296
365,0.359477328,0,32066
315,0.3367866,0,32240
321,0.320041381,0,31899
486,0.309464353,0,32036
638,0.314792714,0,31840
610,0.334953941,0,31264
378,0.408469772,0,23637
365,0.375529033,0,23628
315,0.378408222,0,23546
321,0.328773565,0,23393
486,0.341804375,0,23177
638,0.345353735,0,23266
610,0.370004783,2,22997
378,0.361689874,0,29517
365,0.34058566,0,29232
315,0.315302662,0,29191
321,0.289997237,0,28952
486,0.290134591,0,28828
638,0.275668319,0,28654
610,0.305535029,0,28419
378,0.280706556,0,47498
365,0.25676545,0,46634
315,0.247019254,0,46381
321,0.218398066,0,45907
486,0.214996392,0,45731
638,0.211444491,0,45227
610,0.228177093,0,44632
0,0.330078125,0,8704
0,0.332329782,0,8636
0,0.320114943,0,8700
0,0.285250464,0,8624
2,0.28939464,0,8656
0,0.271117325,0,8583
6,0.345125414,0,8452
28,0.316873605,0,34954
34,0.305672329,0,34730
20,0.329053374,0,35748
9,0.296323977,0,36126
1,0.296191237,0,36311
2,0.309329976,0,35745
19,0.304755697,0,35284
28,0.363985233,0,20586
34,0.347041075,0,20548
20,0.334996088,0,20448
9,0.31564177,2,20311
1,0.335079828,2,20231
2,0.342168796,2,19882
19,0.379654255,4,19552
0,0.319715365,2,32041
0.166666667,0.307129572,2,32260
0.166666667,0.305839727,2,32844
0,0.278637206,2,32903
0,0.265191184,2,32848
0,0.275466152,2,32661
0.5,0.287517836,2,32238
13,0.393334476,0,23344
16,0.363964199,0,23016
31,0.362419886,0,23092
20,0.336732015,0,22852
89,0.31382442,0,22793
83,0.319321045,0,22623
70,0.341078317,4,22294
7,0.283178411,0,16675
10,0.240310548,0,16487
16,0.254095332,4,16238
10,0.226984324,4,16076
45,0.359498433,4,15950
43.5,0.298516484,2,18200
40.5,0.370779114,2,18213
54,0.294851751,0,35818
39,0.285012424,0,35416
37,0.293835364,0,35217
30,0.265177466,0,34739
20,0.272230416,0,34581
17,0.279326331,0,34082
22,0.275387111,0,33905
10,0.377584288,0,25152
28,0.367825739,0,25020
2,0.344662709,0,25097
9,0.316028784,3,25292
11,0.326563269,4,24372
5,0.336138305,4,24005
17,0.343316533,4,24007
18,0.838997236,1,25689
55,0.44203906,2,30210
11,0.47260417,2,33527
17,0.358947957,2,33991
18,0.379314376,2,34217
20,0.332507289,2,34300
60,0.427664663,2,32612
18,0.934500745,0,13420
55,0.300541348,0,21428
11,0.36429674,0,22026
17,0.29868771,0,22937
18,0.355084126,0,20505
20,0.247158668,0,20149
60,0.265014299,0,19931
5,0.435489166,0,24368
6,0.332703679,0,24352
16,0.339528669,0,24696
9,0.278519244,0,24501
16,0.279842481,0,24378
8,0.263222835,0,24314
49,0.358345296,0,22989
18,0.394302705,0,20852
55,0.327269309,0,21273
11,0.337282558,0,21270
17,0.300203705,0,21109
18,0.298981944,0,20824
20,0.286649152,0,20935
60,0.324344999,0,20916
18,0.436073861,0,14243
55,0.354666667,0,13500
11,0.345964241,0,13591
17,0.280556988,0,13573
18,0.311767325,0,13478
20,0.272089552,0,13400
60,0.275486613,0,13409
1,0.345732515,0,33228
1,0.319918145,0,33718
0,0.298426687,0,33814
4.5,0.285667087,0,33294
4,0.270826409,0,33095
1.5,0.51359735,0,33205
3,0.269183892,0,40203
47,0.435199806,0,16466
54,0.502331204,2,17373
53,0.384168106,2,17370
44,0.372917755,2,17229
24,0.374246512,2,17419
44,0.383017472,2,17571
31,0.395362088,2,17551
47,0.409976049,0,28809
54,0.400736454,0,28515
53,0.371675835,0,28541
44,0.340432398,0,27891
24,0.356245034,0,27686
44,0.379699248,0,28728
31,0.333263976,2,28836
47,0.359524081,0,26307
54,0.333522813,0,26388
53,0.332858108,0,26654
44,0.303892444,0,26256
24,0.290074863,0,25914
44,0.286667714,4,25472
31,0.322621498,4,25268
47,0.446422419,0,26121
54,0.41797197,0,26686
53,0.394619339,0,26651
44,0.359679267,0,26190
24,0.368281328,0,25991
44,0.367541034,0,26076
31,0.381022727,0,26400
47,0.402799813,0,21430
54,0.364228986,0,21783
53,0.349079012,0,22313
44,0.313930703,0,22454
24,0.316752992,0,22396
44,0.310468344,0,22334
31,0.327627816,0,22376
15,0.375895585,0,18005
4,0.341709392,0,17749
10,0.363230474,0,17694
5,0.298532089,0,17576
9,0.294196015,0,17264
13,0.309927361,0,16933
18,0.325629877,0,16789
15,0.437160352,2,26130
4,0.426100689,2,25961
10,0.424661195,2,26195
5,0.394955079,2,26046
9,0.351332799,2,26223
13,0.367377579,2,25976
18,0.384151294,2,25857
2,0.343401654,0,33372
0,0.330541139,0,32949
2,0.319224575,0,32911
11,0.29512841,0,32474
3,0.295350704,0,32392
5,0.290463419,4,32066
2,0.319056937,4,31684
2,0.347220555,0,24987
0,0.324068479,0,24825
2,0.328019794,0,24654
11,0.30093319,0,24218
3,0.29319742,0,24035
5,0.274618051,0,23367
2,0.29601294,3,22874
2,0.257535246,0,32912
0,0.257529797,0,32637
2,0.260092715,0,32573
11,0.238339884,0,32311
3,0.242063492,0,32004
5,0.227780583,0,31684
2,0.249558318,0,31131
3,0.38223998,0,32286
17,0.329873269,0,32273
3,0.318762125,0,31958
4,0.296664324,0,31298
14,0.287128713,0,31108
6,0.709519168,0,30780
16,0.29995796,0,42816
1.5,0.332299529,0,26762
8.5,0.318067306,0,26595
2.5,0.312875326,0,26477
2,0.293202699,0,26231
7,0.288014723,4,26082
3,0.29322959,4,25833
8.5,0.324289048,4,25283
3,0.317158017,0,28459
17,0.288516594,0,28293
3,0.296057348,2,27900
4,0.272237878,2,27678
14,0.267155157,2,27295
6,0.290226174,2,27103
16,0.284555926,2,26392
1,0.428634491,2,20388
10,0.37939567,2,21015
3,0.367149531,2,21193
2,0.34545198,2,21262
0,0.344259975,2,21202
1,0.34763066,2,20913
3,0.362375758,2,20625
1,0.294829379,0,21158
10,0.285374842,0,20622
3,0.269917283,0,20673
2,0.245331744,0,20136
0,0.25597166,0,19760
1,0.252502723,0,19279
3,0.257370813,3,18926
1,0.247189495,0,22238
10,0.219803435,0,21774
3,0.216401751,0,21705
2,0.215160975,0,21463
0,0.20486634,0,21248
1,0.221145544,0,20846
3,0.220358757,0,20571
0,0.337771837,2,19451
0,0.314860022,2,19253
0,0.339834025,2,19280
0,0.296072022,2,18661
0,0.279325033,2,18312
0,0.292669278,3,17870
1,0.275050893,3,17684
72,0.373677898,2,27513
6,0.34703616,2,28291
14,0.299983758,2,30785
7,0.282314638,2,29793
12,0.29842017,2,28041
14,0.30950103,2,27176
20,0.294569953,2,27311
0,0.344400675,0,17770
0,0.370261381,2,17331
0,0.426515293,2,16119
0,0.354546065,2,14881
0,0.325905873,2,14406
0,0.381304059,2,15030
0,0.328504333,2,15117
3,0.347087173,0,11827
0.333333333,0.33512018,0,11566
5.333333333,0.329952729,0,11635
0.666666667,0.306527008,0,11552
1.666666667,0.299835825,0,11573
1.333333333,0.285901468,0,11448
5.666666667,0.297806747,0,11353
0,0.365491651,0,11319
13,0.301213819,0,10710
22,0.28619403,0,10720
1,0.906584992,0,10448
4,0.377359491,0,18860
2,0.321688791,0,20038
17,0.349403007,0,20017
0,0.345015089,0,35126
13,0.298563096,0,35145
22,0.290457961,0,35265
1,0.284358151,0,34868
4,0.297523319,0,34199
2,0.292847149,0,34308
17,0.319831469,0,34415
21,0.286232761,2,20665
3,0.432921121,2,20297
3,0.524767587,2,14414
5,0.305228814,2,11647
1,0.273078652,3,11125
0,0.282357295,3,10809
10,0.414146248,3,10448
3,0.320597823,0,36198
15,0.469081894,0,35497
11,0.38796939,0,39333
4,0.291239372,0,42223
2,0.322540945,0,42252
9,0.293760074,0,43430
7,0.327422595,0,43311
3,0.3357698,0,32424
15,0.353693405,0,31827
11,0.33635345,0,31235
4,0.287663242,0,30859
2,0.282549566,4,30515
9,0.284347186,4,29886
7,0.331078095,4,29413
3,0.407628524,1,12060
8.5,0.423967861,1,11699
6,0.382855191,1,11712
1.5,0.366991113,1,11815
1.5,0.354882042,1,11911
1,0.46087843,1,11771
4.5,0.388442522,1,12944
7,0.456801158,1,23496
84,0.437064267,1,23667
1,0.431372549,2,24684
6,0.390914258,2,24632
8,0.403001599,2,24387
2,0.394747777,2,24066
36,0.418252847,2,24062
5,0.375007834,2,31914
45,0.340746446,2,31161
9.5,0.332382866,2,30862
3.5,0.297171998,2,30198
4,0.352983185,2,30806
1,0.293487534,2,31647
18,0.325310858,2,31204
7,0.39109502,2,25963
84,0.35479217,2,25646
1,0.379889372,2,25310
6,0.32034271,2,26378
8,0.322946283,2,26379
2,0.320947725,2,26590
36,0.349768995,2,25757
7,0.452630218,2,15474
84,0.41872241,2,15404
1,0.393258427,2,15575
6,0.374596618,2,15494
8,0.36469131,2,15339
2,0.359656085,2,15120
36,0.389647402,2,15088
7,0.391263651,2,16025
84,0.384552177,2,15821
1,0.362104604,2,15965
6,0.348002794,2,15747
8,0.325212137,2,15556
2,0.320613664,2,15383
36,0.402002107,2,15184
0.333333333,0.403483587,0,10449
1.333333333,0.412345442,0,10433
0.583333333,0.407644511,0,10622
1.166666667,0.358629826,3,10568
0.833333333,0.338922959,3,10436
1.583333333,0.344209604,3,10267
2.416666667,0.350939664,3,10110
10,0.258797564,0,24467
28,0.53823996,0,23954
2,0.298894902,0,30857
9,0.325491241,0,33792
11,0.269560218,0,34790
5,0.26691891,0,34887
17,0.241750071,0,34970
2.111111111,0.346529991,2,27608
1.666666667,0.338481666,0,27517
3.222222222,0.322062222,0,28125
0.555555556,0.327925095,0,27982
0.111111111,0.295240405,0,28868
2.222222222,0.303600196,3,28554
0.777777778,0.305754255,3,28379
0,0.411213794,0,16123
0,0.393329253,0,16340
0,0.391929276,0,16628
0,0.33192402,0,16320
0,0.341783921,0,16133
0,0.362721037,0,15891
0,0.366196288,0,15732
0,0.613560787,2,30072
0,0.435655661,2,31922
0,0.450640751,2,32618
0,0.381416524,2,32728
0,0.382590286,2,32591
0,0.389653462,2,32262
0,0.403691963,0,32178
54,0.246778958,0,31822
39,0.231262834,0,31168
37,0.214669227,0,30731
30,0.215713049,0,30026
20,0.213233306,4,29592
17,0.210398698,4,28869
22,0.209843369,4,28283
10,0.339859438,0,33864
28,0.333183964,0,33474
2,0.320847886,0,33212
9,0.309828063,0,32163
11,0.288958176,0,31752
5,0.295689151,0,30806
17,0.296540308,0,30205
0,0.446238076,2,35434
0,0.426937738,2,35415
0,0.385428051,2,35685
0,0.378990381,2,35241
0,0.349726776,2,35319
0,0.338791434,2,35116
0,0.352985529,2,34483
2.142857143,0.396620016,0,3787
3.428571429,0.339658444,0,3689
3.428571429,0.298345538,0,3687
5.285714286,0.283366393,4,3529
7.857142857,0.284080915,4,3411
3.285714286,0.251805054,4,3324
6.714285714,0.244727047,4,3224
0,0.392491309,0,21575
0,0.342838228,0,21147
0,0.337758744,0,21015
0,0.315383879,0,20892
0,0.305291723,0,20636
0,0.301759937,0,20228
0,0.312249599,0,19968
0,0.297309091,0,41250
0,0.314563421,0,43314
0,0.246770284,0,44973
0,0.241088222,0,44660
0,0.240184028,0,44341
0,0.240600817,0,43807
0,0.249780671,0,43314
0,0.372341361,0,22756
0,0.348594623,0,22912
0,0.33729869,0,23285
0,0.313107961,0,22925
0,0.320462469,0,22661
0,0.321632256,0,22619
0,0.323458874,0,22516
0,0.257631517,0,42390
0,0.246551183,0,41391
0,0.249707802,0,41068
0,0.225909796,0,39954
0,0.225977553,0,39026
0,0.230299696,4,38172
0,0.235019933,4,32610
0,0.361333812,0,25071
0,0.337114613,0,24683
0,0.335064412,0,24840
0,0.298405744,0,24651
0,0.296926364,0,24336
0,0.292655508,0,24018
0,0.284086486,0,28259
0,0.330864198,0,38475
0,0.308386243,0,37800
0,0.288441706,0,37817
0,0.283849658,0,37541
0,0.274592377,0,37044
0,0.275147039,0,36555
0,0.277132371,0,36239
0,0.384966081,0,27418
0,0.362167608,0,27791
0,0.373326095,0,27630
0,0.319395503,0,27527
0,0.331748354,0,27340
0,0.322388851,0,26406
0,0.30939438,0,26122
0,0.342873696,0,25890
0,0.306240188,0,25480
0,0.312979818,0,25270
0,0.281123694,0,24989
0,0.284328388,0,24739
0,0.274192888,0,24439
0,0.281072803,0,24161
0,0.370563415,1,40290
0,0.359863573,1,40168
0,0.349334379,1,40789
0,0.405271303,1,40711
0,0.405261747,2,44776
0,0.342919571,1,48055
0,0.353574317,1,48219
0,0.38366195,2,26221
0,0.3966559,2,26315
0,0.376234303,2,26837
0,0.347606383,2,26320
0,0.350548864,2,26236
0,0.346024078,2,26082
0,0.384722008,2,25972
0,0.358575338,2,24483
0,0.351936357,2,24763
0,0.340393463,2,25212
0,0.309173004,2,25248
0,0.314651562,2,25069
0,0.324973298,2,25279
0,0.337887711,2,25470
0,0.314872474,0,30190
0,0.32696419,0,29936
0,0.315050475,0,30411
0,0.280591485,2,30229
0,0.292439943,2,30013
0,0.287518375,2,29932
0,0.310331099,2,30142
0,0.283466926,0,26698
0,0.275969227,0,26387
0,0.270918154,0,26281
0,0.259431069,0,26084
0,0.269870753,0,25842
0,0.310385241,0,26451
0,0.281895004,0,26744
0,0.40293536,1,19214
0,0.397214368,2,19098
0,0.393337199,2,18971
0,0.375928756,2,18977
0,0.379841219,2,18642
0,0.414465577,2,18665
0,0.425175053,2,18423
0,0.429988519,0,21775
0,0.67097281,0,22913
0,0.330432089,0,32285
0,0.255720858,0,33474
0,0.247259295,0,33568
0,0.271569931,0,33855
0,0.271492675,0,33651
0,0.379895781,0,29745
0,0.300954637,0,28702
0,0.35966802,0,28315
0,0.293362722,0,28129
0,0.267595493,0,27777
0,0.246010833,0,27324
0,0.384479379,4,26017
3.6,0.39612291,2,26979
3.4,0.43876535,2,27117
4.4,0.399540098,2,27832
4.2,0.346702765,2,25855
6.8,0.335408347,2,25542
4.6,0.409614163,2,25192
9.2,0.385398165,2,27024
1,0.489931791,1,30641
2,0.491595518,2,29984
4.333333333,0.453581439,2,29611
0.333333333,0.46750654,2,29052
1,0.450887295,2,29697
3.333333333,0.422002464,2,30033
13.33333333,0.422055189,2,29136
54,0.485208037,1,25284
39,0.482616358,1,24966
37,0.467426317,1,24836
30,0.451026604,1,25034
20,0.434800016,1,24977
17,0.444859588,1,24891
22,0.47590694,1,25360
0,0.325737829,0,11893
0,0.270833333,0,11808
0,0.568749474,0,11891
0.25,0.310945614,0,14636
0,0.329639122,0,14437
0,0.354284913,0,14271
0.25,0.345943324,0,14433
54,0.426147077,1,28638
39,0.439552985,1,28008
37,0.411167696,1,27687
30,0.440784122,2,24588
20,0.430598396,2,24315
17,0.427590486,2,24175
22,0.460839481,2,23991
0,0.433622629,0,21777
0,0.421159284,2,21220
0,0.412587413,2,21736
0,0.387244262,2,21653
0,0.379076838,2,21708
0,0.389053254,2,21632
0,0.414966617,2,21568
0,0.40307217,0,23306
0,0.3559824,0,23636
0,0.346368715,0,23986
0,0.314144461,0,23868
0,0.315982776,0,23688
0,0.339288037,0,23063
0,0.400405474,0,21703
23.5,0.413514377,0,31300
27,0.396822346,0,31218
26.5,0.366664566,0,31732
22,0.339221604,0,31475
12,0.341004319,0,31026
22,0.345808139,0,30595
15.5,0.340479439,0,30786
0,0.381371546,0,29310
0,0.338826222,0,30585
0,0.314633914,0,31427
0,0.27180331,0,30993
0,0.290290258,0,30938
0,0.311206058,0,28788
0,0.287917209,0,29182
0,0.321622553,0,37743
0,0.262602338,0,38842
0,0.273946998,0,39055
0,0.239793029,0,38846
0,0.249481396,0,38083
0,0.252282247,4,37244
0,0.272752029,4,36722
0,0.436347364,2,36872
0,0.419735833,2,36492
0,0.401238816,2,36325
0,0.404454405,2,35695
0,0.359034612,2,36172
0,0.351565111,2,35908
0,0.357637235,2,35687
0,0.381450456,0,21607
0,0.358692118,0,21531
0,0.378947865,0,21214
0,0.298002327,0,20624
0,0.309863369,0,20054
0,0.315439984,0,19728
0,0.326739704,0,19716
0,0.41896477,1,27704
0,0.405327284,2,27331
0,0.382958493,2,27345
0,0.364982993,2,27341
0,0.332214641,2,27115
0,0.326629063,2,26948
0,0.355388168,2,26419
0,0.437288536,0,25418
0,0.395928673,0,25348
0,0.391930497,0,25553
0,0.35187149,2,25461
0,0.341721854,2,25670
0,0.326981887,2,25506
0,0.334582314,2,25354
0,0.362910868,0,20049
0,0.339825859,0,19869
0,0.327288255,0,19906
0,0.300787163,2,19818
0,0.290800733,3,19632
0,0.299891005,3,19267
0,0.31303561,3,18787
0,0.396112601,2,20888
0,0.389880096,2,20850
0,0.373641433,2,21162
0,0.352800338,2,21301
0,0.347765298,2,21457
0,0.327782442,2,21438
0,0.355095317,2,21245
600.5,0.296850862,0,42075
611,0.270082707,0,42076
1499.5,0.256485877,0,41706
846,0.24408402,0,41371
667.5,0.236173539,0,40936
570.5,0.235375018,0,40718
1230.5,0.273169772,0,40678
0,0.367794584,0,19239
0,0.292872639,0,18899
0,0.324052101,0,18963
0,0.296239325,0,18853
0,0.279108756,0,18491
0,0.31053185,0,18069
0,0.314214745,0,17714
0,0.363984479,2,19586
0,0.360808144,2,19254
0,0.332100823,2,19202
0,0.321889996,2,18963
0,0.314870976,2,18795
0,0.316589415,2,18554
0,0.326967914,2,18014
0,0.382827235,0,21208
0,0.27005108,0,22318
0,0.285140204,3,22396
0,0.265867226,3,21932
0,0.254217487,3,21399
0,0.254606365,4,20895
0,0.278612548,4,20498
0,0.409346847,2,12432
0,0.360762059,2,12335
0,0.355232511,2,12451
0,0.335370823,2,12270
0,0.346590452,2,12421
0,0.36299503,2,12474
0,0.363251955,2,12534
72,0.298806012,0,35595
6,0.272608794,0,35296
14,0.26876445,0,35466
7,0.24947793,0,34957
12,0.238726107,0,34948
14,0.241808366,0,34639
20,0.253988159,0,34289
0,0.334286804,0,5244
0,0.334760752,4,5371
1.333333333,1.09962889,0,7006
5,0.607768537,0,11302
0,0.560397244,0,14802
1,1.03626649,0,21149
0.666666667,0.426573614,0,37398
1.416666667,0.426793124,2,1687
0.75,0.496819338,2,1572
0.5,0.508027523,2,1744
3,0.465737515,2,1722
1.666666667,0.424036281,2,1764
3.333333333,0.405764967,2,1804
3.833333333,0.356531049,2,1868
0,0.410999455,0,12837
0,0.321128498,2,12973
0,0.302052338,3,13107
0,0.275226516,3,12913
0,0.276932776,3,12689
0,0.282803978,3,12468
0,0.303543914,4,12331
10,0.298333197,0,36657
28,0.298859527,0,35950
2,0.293751396,0,35816
9,0.285309614,0,35302
11,0.265484899,4,33904
5,0.274593539,4,32783
17,0.282226078,4,32272
10,0.313397848,0,33274
28,0.343508418,0,32727
2,0.311645906,0,33076
9,0.295674332,3,32573
11,0.285124992,3,32242
5,0.304974031,4,31383
17,0.287015133,4,30859
0,0.421729054,2,28478
0,0.402164595,2,27996
0,0.3992085,2,28048
0,0.398260744,2,27713
0,0.362773644,2,27819
0,0.366939832,2,27822
0,0.392600206,2,27244
0,0.346300898,0,20924
0,0.295513623,0,20774
0,0.293487657,0,20822
0,0.365643124,0,22243
0,0.254126846,0,23020
0,0.284625551,0,22700
0,0.255006258,0,22372
3,0.371577341,0,22278
0.5,0.333871945,0,24755
2.5,0.345224262,0,25818
4,0.274072938,0,26077
2,0.275352819,0,25934
1.5,0.26894274,0,26039
9,0.256237227,0,25933
0,0.278024785,0,21142
0,0.262072529,0,21288
0,0.263407166,0,20903
0,0.253561394,0,20287
0,0.241419637,4,19667
0,0.244386423,4,19150
0,0.321851971,4,18726
0,0.299549675,1,17987
0,0.269239488,4,17646
0,0.297445255,4,17536
0,0.258015711,4,17185
0,0.256673022,4,16784
0,0.29086906,2,16351
0,0.282967204,2,16069
0,0.328533042,0,23818
0,0.330334728,0,23900
0,0.319428833,0,24021
0,0.305166869,0,23941
0,0.307006695,0,23449
0,0.309371923,4,23357
0,0.313498766,4,23091
0,0.34190959,0,23670
0,0.311071983,0,23853
0,0.315573427,0,23874
0,0.283068558,0,23542
0,0.283270451,0,23324
0,0.294816368,4,22899
0,0.295470323,4,23048
0,0.406417112,2,24497
0,0.381714939,2,24479
0,0.385692068,2,24434
0,0.366277636,2,24334
0,0.358126722,2,24321
0,0.357261205,2,24142
0,0.379812089,2,24054
0,0.362665685,0,8148
0,0.346059716,0,8172
0,0.337436022,0,8206
0,0.31656027,3,7989
0,0.300784314,3,7650
0,0.323909855,3,7499
0,0.349008886,3,7315
0,0.439816333,2,9147
0,0.418975741,2,9275
0,0.374580889,2,9544
0,0.349184783,3,9568
0,0.395528625,4,9572
0,0.396439644,4,9999
0,0.402239619,4,10091
0,0.316128847,0,34739
0,0.315360429,0,34348
0,0.386522165,0,34694
0,0.305690502,0,38081
0,0.289355283,2,38451
0,0.281152486,2,38456
0,0.266556377,4,38686
0,0.256171062,0,26049
0,0.268305052,0,25635
0,0.252928772,0,25608
0,0.239620403,0,25290
0,0.24343647,0,25177
0,0.207134592,0,25061
0,0.220808779,0,24605
0,0.282954545,0,13200
0,0.270397894,0,12918
0,0.30462705,0,12924
0,0.259898872,0,12855
0,0.254311014,4,12874
0,0.230560928,4,12925
0,0.259751494,4,12716
0,0.304397706,0,26150
0,0.297550828,0,25478
0,0.300174589,0,25202
0,0.264379005,0,24654
0,0.276517323,0,24418
0,0.249989666,0,24193
0,0.253524631,4,24116
0,0.288897411,0,26075
0,0.277192293,0,25430
0,0.294307068,0,25154
0,0.261687967,0,24491
0,0.275424613,0,23963
0,0.270470938,0,23570
0,0.259309699,3,23497
0,0.294618095,2,26682
0,0.319887144,2,26228
0,0.284041598,2,26732
0,0.274634204,2,25219
0,0.278463418,2,23741
0,0.29060678,2,23155
0,0.307034845,2,22815
0,0.292065761,0,20985
0,0.276015689,0,20651
0,0.340229773,0,20542
0,0.249959095,0,18335
0,0.246562164,0,17671
0,0.248048669,3,17424
0,0.252218071,4,17132
0,0.267067324,0,14809
0,0.278125645,0,14533
0,0.298099435,0,14522
0,0.225080611,3,14266
0,0.230408766,4,13871
0,0.234699897,4,13562
0,0.226114175,4,13418
1,0.297563329,0,20725
0,0.280466283,0,21532
8,0.288473981,0,21638
2.5,0.232930969,0,21208
1.5,0.260941456,3,19353
9,0.255953028,4,18394
16,0.239494174,4,18109
0,0.336991854,0,26149
0,0.318626503,0,25861
0,0.369707336,0,26310
0,0.277019318,0,25417
0,0.270972172,0,24759
0,0.266984505,0,24331
0,0.281859813,4,24239
0,0.410812925,0,20457
0,0.389558233,0,20418
0,0.489329726,0,19962
0,0.415244387,0,16347
0,0.381456366,0,15779
0,0.389596946,0,15457
0,0.417671198,0,15596
0,0.300279089,0,29023
0,0.405208756,0,32023
0,0.262612365,0,32706
0,0.248742556,0,32407
0,0.292777674,0,32178
0,0.463632451,0,37176
0,0.230014922,0,42219
0,0.298483063,0,26303
0,0.286006405,0,25919
0,0.272099286,0,25623
0,0.251537588,0,25527
0,0.265953199,0,25042
0,0.284906428,0,24580
0,0.27625343,0,24054
0,0.353070175,3,8664
0,0.330352885,3,8388
0,0.451154529,3,8445
0,0.40654295,3,10454
0,0.333426339,3,10752
0,0.316616485,3,10628
0,0.332593415,3,10812
0.333333333,0.331959295,0,34852.66667
1.333333333,0.314161878,0,34223.33333
1.333333333,0.322347071,0,34204.33333
0.333333333,0.324786407,2,34840.33333
0,0.076571885,3,34242.33333
0,0.29288844,3,8901
0,0.364752252,3,8880
0,0.299544533,0,30079
0,0.28853516,0,29778
0,0.281361114,0,30093
0,0.242871587,0,29670
0,0.25901821,0,28886
0,0.238138686,0,28496
0,0.245936818,0,28426
0,0.414618808,0,20672
0,0.431388013,0,20288
0,0.377896865,0,21273
0,0.367530581,0,21337
0,0.350446116,0,21407
0,0.348154324,0,21591
0,0.3660037,0,21620
0,0.292349138,0,37120
0,0.27712503,0,37023
0,0.291371427,0,37399
0,0.246951379,0,38214
0,0.235284897,0,38277
0,0.241467263,0,38030
0,0.25845872,0,38215
54,0.663974777,1,18079
39,0.644854285,1,18598
37,0.535983151,1,22316
30,0.445591205,1,26742
20,0.493041148,1,23136
17,0.551438983,1,21404
22,0.58545472,1,20859
49,0.354651163,0,27692
32,0.347243726,0,27773
58,0.359379988,0,28193
47,0.327488068,0,28285
56,0.311959629,0,28337
82,0.306402974,0,28518
73,0.328795147,0,28352
49,0.340434248,0,24410
32,0.318136062,0,23842
58,0.319463087,0,23840
47,0.292246183,0,23511
56,0.286989299,0,23081
82,0.30520861,0,22578
73,0.321740298,0,22341
11.2,0.400566202,2,22960
5,0.373483827,2,23744
7,0.350054663,2,23782
4.2,0.32925801,2,23720
6.8,0.304338053,2,22245
6.8,0.31594939,2,22051
13.8,0.381775115,2,21531
54,0.38188244,1,21504
39,0.381284386,2,21084
37,0.352669996,2,20824
30,0.351552188,2,20455
20,0.324398223,2,20481
17,0.33098279,2,20279
22,0.361976107,2,20424
31,0.373294192,0,25208
20,0.339986482,0,25151
12,0.337986315,0,25575
11,0.291288102,0,25425
5,0.280773833,0,25070
8,0.274821544,4,24656
5,0.298791019,4,24318
31,0.308986146,0,23603
20,0.372103023,0,23257
12,0.32709659,0,21058
11,0.316689268,0,20648
5,0.278382947,0,21298
8,0.358570261,0,22018
5,0.298892989,0,23035
31,0.397520528,0,18633
20,0.350559544,0,18944
12,0.351703407,0,18962
11,0.34947391,0,18628
5,0.296804668,4,17995
8,0.300979619,4,17762
5,0.365052199,4,17529
31,0.314839752,0,18565
20,0.329169371,0,18492
12,0.319413093,0,19492
11,0.293545535,0,19227
5,0.288793549,0,19346
8,0.273594531,0,19602
5,0.282524667,0,19662
31,0.403305471,0,15792
20,0.35325751,0,16178
12,0.337055468,0,16478
11,0.308520455,0,16255
5,0.290356138,0,16342
8,0.284251731,0,16605
5,0.322167607,0,16479
31,0.29034332,0,15554
20,0.299223572,0,15069
12,0.301091825,0,14288
11,0.277604167,0,13440
5,0.278143643,4,12907
8,0.271370094,4,12459
5,0.269063449,4,12183
31,0.29798132,0,26552
20,0.287445101,0,26412
12,0.399260417,0,26231
11,0.251849243,0,25551
5,0.231433231,0,25139
8,0.250851029,0,24676
5,0.271244136,0,24089
18,0.336969225,0,25670
17,0.288358327,0,25340
20,0.313061289,0,25388
21,0.272977309,0,21815
30,0.240183278,0,20297
21,0.242043423,0,19575
45,0.235312435,0,19268
18,0.316234571,0,23413
17,0.269212431,0,23071
20,0.26366073,0,23132
21,0.238474324,0,22862
30,0.223802792,0,22636
21,0.236586566,0,22347
45,0.266871304,0,22153
18,0.333379567,0,50468
17,0.311402886,0,49277
20,0.451413463,0,49170
21,0.245859151,0,58261
30,0.235869789,0,58244
21,0.241982202,0,57310
45,0.231015683,0,56494
18,0.36776535,2,36923
17,0.352416277,2,37206
20,0.363836175,2,37308
21,0.306807058,2,37799
30,0.310625615,2,37579
21,0.292294897,2,37274
45,0.306064417,2,36574
18,0.3185156,0,27917
17,0.276282377,0,27566
20,0.2679549,0,27583
21,0.242392022,0,27274
30,0.236436111,0,27094
21,0.245402663,0,26809
45,0.246069746,0,26525
18,0.278256016,0,34037
17,0.283753268,0,33656
20,0.2558119,0,33982
21,0.223929125,0,33524
30,0.222522929,0,33255
21,0.250443344,0,32706
45,0.238870258,0,32503
0.8,0.483872496,1,21113
0.6,0.484010044,1,21107
1.2,0.446611297,1,21793
2.2,0.45111674,1,21715
1.6,0.440868126,1,21748
0.4,0.451008184,1,21871
4.2,0.4447157,1,22529
0,0.351243152,0,23730
2,0.305760774,0,22740
3,0.313742664,0,22834
1,0.276266832,0,22576
1,0.297919195,0,22251
0,0.25908352,0,22761
12,0.296867363,0,22505
0,0.350459559,0,21760
2,0.335500952,0,21529
3,0.344940052,0,21769
1,0.28921591,0,21949
1,0.294410625,0,21684
0,0.312146033,0,21365
12,0.3185995,4,21221
0,0.339245422,0,19057
2,0.338875903,0,18824
3,0.345033289,0,18775
1,0.293204809,2,18881
1,0.298082074,2,18666
0,0.306922572,2,18288
12,0.320647419,4,18288
0,0.298931586,0,22276
2,0.308413331,0,22084
3,0.308550355,0,21964
1,0.285629236,0,21836
1,0.283375605,0,21685
0,0.279829212,0,21313
12,0.277623464,0,21241
8.666666667,0.38676675,2,17985
21,0.341185069,2,17788
13,0.428361653,2,19068
3.666666667,0.2914186,2,19484
2.333333333,0.29984464,2,19310
5.333333333,0.66591029,2,18950
16.66666667,0.389988861,2,27829
0,0.423936478,1,19017
0,0.421223958,1,18432
0,0.403548146,1,18714
0,0.377198662,1,18534
0,0.368489442,1,18470
0,0.378419702,1,18313
0,0.367741584,1,18358
5,0.404130521,0,40576
5,0.346511628,0,39990
8,0.371329358,0,39741
1,0.316028175,0,39468
18,0.298314307,0,39331
8,0.306332691,0,38925
34,0.350258851,0,38246
5,0.421675662,0,16304
5,0.377882439,0,16349
8,0.36610025,0,16419
1,0.325657298,0,16545
18,0.321887112,0,16512
8,0.317927512,0,16444
34,0.348834348,0,16257
5,0.458333333,0,18792
5,0.353047056,0,19445
8,0.344087137,0,19280
1,0.312216723,0,19195
18,0.28723845,0,19308
8,0.305093582,0,19181
34,0.320866245,0,19117
41.5,0.340456865,0,29199
28.5,0.2936676,0,29278
46.5,0.288679945,0,29673
34.5,0.25852589,0,29645
37.5,0.260632534,0,29532
52.5,0.267611951,0,28986
52.5,0.277775847,0,28775
0,0.336083042,0,83524
0,0.315601453,0,82018
0,0.331737288,0,81869
0,0.332004858,2,84809
0,0.061595794,2,84259
0,0.278757829,2,19160
0,0.261746015,2,19198
34,0.365167109,2,27497
54,0.344233188,2,27034
28,0.364437804,2,26770
31,0.447484204,2,30229
34,0.574612809,0,38224
40,0.31387929,0,47171
43,0.27546505,0,47683
37.5,0.418671515,2,23651
52.5,0.393248557,2,23906
22,0.385926883,2,23989
16.5,0.381309367,2,23477
31,0.378472222,2,23328
34.5,0.438790206,2,22913
21,0.400241989,2,23968
0.333333333,0.390971336,2,17234
0.666666667,0.362960361,2,17079
0,0.356442976,2,17554
0,0.336979196,2,17737
0,0.34806347,2,17583
0,0.359754686,2,17284
0.666666667,0.372586426,2,17298
6,0.323001631,0,22068
3,0.330100211,0,21754
2.166666667,0.32612896,0,22255
2.833333333,0.295313332,0,22532
3.333333333,0.291348713,0,22540
1,0.296204917,2,22292
0.333333333,0.321342708,2,22045
4,0.298163792,0,34092
2,0.270593368,0,34380
0,0.260919245,0,35007
4,0.237134266,0,34588
0,0.226083413,0,34359
1,0.235763065,0,34119
8,0.242887823,0,33991
159,0.621435942,1,36826
67,0.589048162,2,36834
92,0.553871827,2,37153
63,0.515528288,2,36836
84,0.51789786,2,36401
245,0.552615622,2,36282
277,0.579479411,2,36305
159,0.502882344,2,31745
67,0.538357928,0,33409
92,0.431735376,0,34857
63,0.404552864,0,34967
84,0.392256326,0,34893
245,0.426545455,0,35750
277,0.391996236,0,36133
0,0.369422937,0,46754
1,0.368015951,0,46642
3,0.38107168,0,48298
0,0.316565871,0,48944
0,0.325132844,0,49306
4,0.311223976,0,49617
0,0.351219611,0,49442
7,0.409479858,2,20802
27,0.399184347,2,20597
14,0.379325301,2,20750
10,0.372806803,2,20461
19,0.352299106,2,20247
5,0.359051916,2,20167
21,0.369545362,2,19708
8,0.325271715,0,44532
3,0.322067953,0,44295
6,0.299121226,0,44380
9,0.290312286,1,43870
15,0.288741325,1,43371
9,0.295249239,1,42730
7,0.304176591,1,42403
8,0.303188736,2,19318
12,0.305715341,2,18949
4,0.296904712,2,18932
2,0.291545816,2,18618
2,0.321758486,2,17970
2,0.314692176,3,16308
8,0.348749681,3,15676
12,0.282540363,0,41994
2,0.264954432,0,42245
8,0.269899744,0,42890
8,0.237195122,0,42640
16,0.246775177,0,42638
3,0.272797836,0,42515
7,0.270670642,0,42258
0.111111111,0.38886294,2,19269
0.555555556,0.386771242,2,19125
0.111111111,0.36764056,2,20365
0.222222222,0.366486899,4,20953
0.444444444,0.445838302,4,20965
0.333333333,0.468897638,2,20320
0.666666667,0.44937166,2,20769
0.5,0.334755394,2,28597
2.5,0.322674721,2,28803
0.5,0.305040606,2,29183
1,0.272955449,2,28686
1.5,0.268587896,2,27760
1,0.284552548,2,27299
2,0.249155901,2,27248
3,0.34406818,0,39777
2,0.30553243,0,39639
7,0.313949947,0,39398
4,0.271465164,0,39040
0,0.266640857,0,38745
12,0.285545459,0,38078
9,0.301931594,0,37482
1,0.313155957,0,21724
3,0.320585502,0,21520
12,0.340509259,2,21600
23,0.317605112,2,21596
54,0.292110279,2,21509
45,0.350245575,2,21582
16,0.346629111,2,22012
4.333333333,0.303910169,0,30101
22,0.286776887,0,29577
11.66666667,0.609437547,0,29478
11.33333333,0.245383505,0,40182
25.66666667,0.251055419,0,40979
23.33333333,0.320661598,0,44982
12.66666667,0.234152821,0,45923
15,0.314053876,0,21197
4,0.264142754,0,20735
10,0.272547028,0,20679
5,0.231231378,0,20473
9,0.233918992,0,20319
13,0.232577707,0,20204
18,0.228564295,0,20025
3,0.339175417,2,25904
5,0.284148432,2,25089
14,0.357419677,2,23997
7,0.388643906,2,21997
2,0.456704645,2,22820
6,0.30256605,2,23694
18,0.332847654,2,23335
0,0.329304506,0,19195
2,0.314226051,0,19155
0,0.344665384,0,18708
1,0.308369294,0,17612
0,0.286643638,0,17370
0,0.312393888,0,17081
12,0.296568627,3,16728
0,0.406367292,0,14920
0.5,0.357142857,0,13524
0,0.316545157,3,13442
1,0.298826202,3,13205
0,0.293609279,3,13191
0,0.526137429,3,13869
3,0.581703781,2,16211
3.833333333,0.375208625,2,22169
4.5,0.344451071,2,21797
2.833333333,0.388785395,2,21472
0.833333333,0.313813581,2,19365
0.833333333,0.304963806,0,19340
1.833333333,0.365410709,0,19162
8.333333333,0.37782837,0,21523
3.5,0.319357667,0,18246
0.5,0.281452731,0,18035
0,0.292846456,3,18047
4,0.26117818,3,17892
0.5,0.253783536,3,17444
4.5,0.282913165,3,17493
4.5,0.278683801,3,17353
0,0.329979101,0,12919
1,0.362455817,0,13014
0,0.323963303,0,13625
2.5,0.310724379,0,13446
2,0.293903272,2,13171
1,0.297181373,0,13056
2,0.319111452,0,13055
0.5,0.298540965,2,14256
0,0.290013486,2,14089
0,0.272409209,2,14291
0,0.242291372,2,14140
0.5,0.254598117,2,13810
0,0.257763285,2,13493
0,0.256968968,2,13309
8.5,0.78861312,2,15351
8,0.392128012,2,32622
7,0.330561029,2,34508
19.5,0.29532181,2,33902
5,0.304046588,2,33485
7,0.314804086,2,32795
9.5,0.33337361,2,33104
2,0.331813207,0,21928
2.5,0.324056389,0,21990
6.5,0.329589554,0,21903
8.5,0.276869533,0,21837
1.5,0.314837934,0,21627
0.5,0.317594966,3,21455
0,0.309032258,4,21700
18,0.41299989,0,45385
9.5,0.350081922,0,40282
10.5,0.315680422,0,40541
6.5,0.285746567,0,39829
6,0.289246231,0,39800
8.5,0.431091399,0,39683
26,0.311448367,0,45465
0.75,0.434029738,2,10626
2.25,0.484352706,2,10513
1.5,0.545265088,2,11996
0,0.393922867,2,12835
1.75,0.381808279,2,12852
0,0.419239106,2,13379
0.25,0.445888399,2,13620
0,0.329330733,0,16406
0.2,0.30638587,0,16192
0,0.295629662,0,16223
0.2,0.273776662,0,15940
0.2,0.24522733,0,15924
0.6,0.272899438,0,15841
0.6,0.280780972,0,15724
8,0.312940261,0,25695
3,0.289016653,0,25220
26,0.289702333,0,24860
4,0.285755419,0,24311
4,0.271756838,0,23326
25,0.269588543,0,23113
13,0.295809116,0,22883
8,0.2635762,0,32336
3,0.234176617,0,31741
26,0.242464539,0,31584
4,0.216848924,0,31183
4,0.220486909,0,30478
25,0.224226718,0,30099
13,0.22798951,0,29361
8,0.282001007,0,37741
3,0.258034128,0,37154
26,0.256774053,0,36721
4,0.243558299,0,36287
4,0.247399744,0,35958
25,0.239484857,0,35330
13,0.248161607,0,34949
9,0.274604414,0,28186
2,0.342551358,0,27844
2,0.262707548,0,29451
6,0.253174468,0,29375
7,0.23354312,0,29395
12,0.249543182,0,29005
15,0.244147737,0,28835
4.5,0.308372405,0,22395
1,0.339145597,0,21793
1,0.315449464,0,21826
3,0.300606226,0,21939
3.5,0.285675032,0,21836
6,0.295509259,0,21600
7.5,0.300915811,0,21511
72,0.329279724,2,40540
6,0.321221629,2,39521
14,0.310742326,2,38083
7,0.286898174,2,37407
12,0.285118631,2,37174
14,0.302558519,2,36740
20,0.299325075,2,36893
0.4,0.53343465,4,1974
1.3,0.49100632,4,2057
2.5,0.374010247,4,2147
1.6,0.385907606,4,2143
1.2,0.322705314,4,2070
7.5,0.3515,4,2000
2.6,0.400418191,4,1913
0,0.340845229,0,17794
1,0.322207084,0,17616
11,0.333163063,0,17619
0,0.294417682,0,17645
0,0.281510684,0,17502
3,0.287449393,0,17290
1,0.294394423,0,17215
1,0.37069703,0,33901
17,0.368066432,0,33839
4,0.352719538,0,32910
2,0.319267245,0,32371
8,0.320240941,0,32207
4,0.312213207,0,32907
16,0.324778546,0,32964
1,0.342491621,0,21183
17,0.323134255,0,20394
4,0.310525267,0,20066
2,0.53983107,0,24152
8,0.315075678,0,26692
4,0.380446666,0,25612
16,0.339531543,0,25061
1,0.363662212,0,28136
17,0.358561866,0,27786
4,0.351962717,0,27895
2,0.33433984,0,27819
8,0.325937589,0,27944
4,0.338545571,3,28011
16,0.340419368,3,27613
15,0.604527878,1,16034
15,0.338435423,1,34757
11,0.320405591,1,34912
3,0.313483179,1,34391
6,0.305705187,1,33601
0,0.294709717,1,32985
2,0.310452757,1,32269
15,0.536377321,1,19930
15,0.257628895,0,24807
11,0.272611622,0,24368
3,0.25283911,0,23687
6,0.242478252,0,23565
0,0.252994854,0,23123
2,0.266996888,0,22813
68,0.313818877,0,28765
21,0.292300232,0,28871
51,0.268572227,0,28618
67,0.243201407,0,28425
199,0.221223276,0,28252
61,0.234859042,0,27987
89,0.269045495,0,28025
68,0.281138119,2,10614
21,0.238973384,2,10520
51,0.256306476,2,10624
67,0.206385405,2,10524
199,0.25595584,2,10326
61,0.299208655,2,9983
89,0.319388906,2,9753
1,0.343555901,2,10304
4,0.316622169,2,10113
4,0.336078615,2,10685
2,0.288620656,2,10273
4,0.2840794,2,9874
5,0.302148519,2,9588
6,0.296300211,2,9460
1,0.341494845,2,11640
4,0.327559055,2,11430
4,0.302417991,2,11828
2,0.280104712,2,11842
4,0.28154528,2,11959
5,0.275569867,2,11801
6,0.289923704,2,11403
2.333333333,0.389211137,1,10344
2,0.392476934,1,9863
0,0.37328905,1,9936
3.333333333,0.360489008,1,9734
1.333333333,0.360382112,1,9526
0.666666667,0.698680739,1,9475
1,0.351857801,1,9339
0,0.324755367,0,34235
0,0.30857244,0,33911
0,0.310251746,0,34082
0,0.270557029,0,33930
0,0.274432204,0,33859
0,0.28630841,4,33663
0,0.277533563,4,33668
72,0.41014075,2,29485
6,0.377770925,2,29187
14,0.384127422,2,29006
7,0.345361537,2,28932
12,0.352055224,2,28683
14,0.356687898,2,28574
20,0.367620056,2,28320
2.5,0.321339254,0,19593
3.5,0.307257939,0,19303
3.5,0.303923593,0,19370
1,0.276069413,0,18959
4.5,0.256434801,0,18804
4.5,0.279470708,4,18213
2,0.291139949,4,17878
46,0.323769883,0,20181
42,0.303132554,0,19856
50.66666667,0.311060491,0,19755
40.33333333,0.267399267,0,19383
42.66666667,0.262956758,0,19102
45.66666667,0.278765301,0,18790
81.66666667,0.344814431,0,18349
2.5,0.309203191,0,23318
3.5,0.27452232,0,23499
3.5,0.293737702,0,23378
1,0.255862808,0,23325
4.5,0.251804469,0,23137
4.5,0.372828838,0,22914
2,0.283522772,0,25162
11,0.375122135,1,26610
8,0.351758794,2,26865
22,0.318045898,2,27757
20,0.300795795,2,27394
10,0.304875231,2,25968
9,0.333717099,2,25189
59,0.355627062,2,24551
11,0.346742842,0,29581
8,0.325569569,0,29496
22,0.310128503,0,29649
20,0.280277995,0,29353
10,0.270599219,0,28921
9,0.290016458,0,28557
59,0.299030153,0,28355
11,0.350432652,0,32243
8,0.311246891,0,32569
22,0.302199651,0,32687
20,0.279506173,0,32400
10,0.253947083,0,32239
9,0.256608275,0,31854
59,0.280920361,0,31379
11,0.315586769,1,30898
8,0.302271365,1,30026
22,0.286957983,1,29750
20,0.257586498,2,29625
10,0.254100919,2,28835
9,0.253896766,4,28421
59,0.255731922,4,28350
7,0.559638282,0,33175
14,0.448558539,0,36352
6,0.376100595,0,37139
8,0.36317005,0,37236
6,0.307772912,0,37219
18,0.29408292,0,37265
68,0.290783784,0,37000
7,0.426244368,0,37509
14,0.325124854,0,37644
6,0.335880487,0,37820
8,0.298625484,0,37686
6,0.281455011,0,37498
18,0.265727146,0,37324
68,0.280857473,0,37179
22,0.468438316,0,29878
7,0.417802778,0,31467
8,0.336971953,0,31697
11,0.32338951,0,31745
6,0.289571724,0,31405
15,0.286339112,0,31323
54,0.273558687,0,30944
22,0.412950135,0,17467
7,0.30834753,0,17610
8,0.30229794,0,17668
11,0.274867166,0,17503
6,0.304778353,0,17370
15,0.265559013,0,17996
54,0.285315154,0,17896
7,0.294811102,0,10773
14,0.214894405,0,10796
6,0.227022565,0,10902
8,0.199907749,0,10840
6,0.208709407,0,10747
18,0.205640201,0,10567
68,0.206050773,0,10478
7,0.444664951,1,32249
14,0.412956096,2,32093
6,0.389783262,2,31928
8,0.378487202,2,31293
6,0.356720498,2,31456
18,0.369474055,2,31239
68,0.370993745,2,31014
5,0.414749734,0,37560
6,0.350519884,0,37316
16,0.34258791,0,37567
9,0.312459859,0,37368
16,0.318019791,0,35067
8,0.295577162,0,34661
49,0.313463545,0,34508
10,0.543216914,0,19298
0,0.290850808,0,37435
4,0.300260126,2,37674
21,0.272269569,2,38135
13,0.27497509,2,38138
43,0.295353076,2,37853
18,0.327984459,2,37578
10,0.809976643,0,17982
0,0.301366128,0,33013
4,0.322861708,0,33169
21,0.271961456,0,33001
13,0.282028713,0,32947
43,0.304188322,0,32710
18,0.331991766,0,32549
5,0.262851875,0,28206
10,0.255959713,0,27602
11,0.249255033,0,27518
1,0.252746432,0,26762
1,0.239772337,0,26179
9,0.257306226,3,25184
9,0.266597725,3,24175
5,0.280220672,0,24652
10,0.255763124,0,24249
11,0.264112484,0,24039
1,0.260167131,0,23335
1,0.250549064,0,22766
9,0.257210445,3,21982
9,0.273366128,4,21345
5,0.354196232,0,20435
10,0.264110549,0,20552
11,0.292361111,0,20160
1,0.26345074,0,19590
1,0.253264658,0,19221
9,0.279158392,3,18631
9,0.403668091,4,16848
7,0.405015304,0,35611
10,0.3854214,0,37411
16,0.366967885,0,37957
10,0.337757876,0,37518
45,0.380600585,0,37630
43.5,0.396833034,0,45722
40.5,0.244255786,0,47352
0,0.393190816,1,6315
0,0.407595741,1,6293
0,0.375862622,1,6231
0,0.379003559,1,6182
0.666666667,0.336150534,1,6271
0,0.356524477,1,6353
0,0.358305648,1,6020
8,0.783160951,0,11022
1,0.282486266,0,28943
6,0.283052444,0,28659
2,0.253995105,4,27784
6,0.492296378,4,27195
0,0.284224486,4,33178
12,0.303885596,4,31887
8,0.442550538,0,19243
1,0.300542175,0,19182
6,0.321378406,0,21358
2,0.242268278,0,21761
6,0.281654577,0,21782
0,0.257107082,0,21563
12,0.266913418,0,21344
8,0.435489645,0,19555
10,0.358240619,0,21212
2,0.324889817,0,21555
1,0.291167057,0,20933
6,0.298547475,0,20516
4,0.30559,0,20161
10,0.322485059,0,19911
12,0.355204163,0,24980
11.5,0.327656188,0,25130
15.5,0.307634105,0,25111
3,0.288987316,0,24835
3.5,0.276591426,0,24632
12,0.293785545,0,24089
8,0.336223426,0,23990
8,0.33428735,0,19217
10,0.332419899,0,18976
2,0.302700417,0,18923
1,0.285032607,0,18861
6,0.276358344,1,18552
4,0.295876064,1,18332
10,0.308326874,1,18062
8,0.324379583,0,28368
10,0.313916086,0,28291
2,0.301508955,0,28364
1,0.275147199,0,28363
6,0.263968215,0,28189
4,0.265206986,0,27997
10,0.263856418,0,27803
4,0.344715501,1,30457
7,0.34065125,1,29881
6,0.320549417,1,29777
13,0.28995733,1,29763
15,0.283206055,2,29332
3,0.284744824,4,28882
4,0.301464999,4,28942
54,0.359842833,2,20106
39,0.38297338,2,19910
37,0.377618856,2,19856
30,0.368923029,2,19397
20,0.348886108,2,19975
17,0.347772582,2,20315
22,0.36957694,2,20399
3.103448276,0.432115782,4,8706
3.034482759,0.428787175,4,8608
2.344827586,0.396820247,4,9246
2.827586207,0.369739696,4,9220
3.655172414,0.386871979,4,8897
4.137931034,0.438198404,4,8770
5.24137931,0.424432263,4,8939
12.6,0.353296946,3,6779
32.4,0.366046937,3,6562
5.2,0.313464448,3,6610
4.4,0.32101227,3,6520
2.8,0.308478842,3,6357
4,0.307220158,3,6191
1.6,0.366349411,4,6199
4,0.34912786,0,36806
1,0.363418856,0,39288
1,0.279346686,0,43838
1,0.250466864,0,43910
1,0.248950347,0,43824
5,0.253040471,0,43661
14,0.253517883,0,43421
15,0.311924581,0,31716
18,0.287834589,0,31195
27,0.279361386,0,30942
21,0.257202519,0,30649
12,0.264595258,0,30575
26,0.265263158,0,30400
15,0.270248703,0,30076
15,0.269916739,0,43958
18,0.252208184,0,43135
27,0.247568071,0,42970
21,0.229317307,0,42596
12,0.215028792,0,42199
26,0.22875018,0,41718
15,0.224092853,0,40925
7.5,0.321755399,0,24587
9,0.291696062,0,24097
13.5,0.318688922,0,23126
10.5,0.266007922,0,22973
6,0.264411582,0,22586
13,0.318108035,0,22178
7.5,0.270235958,0,22843
15,0.294557369,0,31437
18,0.25997884,0,31191
27,0.251618332,0,30896
21,0.224651957,0,30456
12,0.233111609,0,29917
26,0.239928228,0,29538
15,0.258191895,0,28870
3,0.401236997,2,17785
0,0.381789319,2,17638
3,0.37951705,2,17683
7,0.32785477,2,17462
3,0.33748985,2,17242
7,0.339905269,2,16890
5,0.37182114,2,16594
3,0.386907585,0,23189
0,0.367509243,0,23262
3,0.363451908,0,23164
7,0.315330037,0,23255
3,0.331181407,2,23235
7,0.34524016,2,23068
5,0.360851667,2,22591
3,0.375699916,0,20181
0,0.355428914,0,20004
3,0.3548469,0,19693
7,0.314733998,0,19248
3,0.321909936,3,19142
7,0.323692636,3,18740
5,0.362317271,4,18470
3,0.342907277,0,32484
0,0.338252342,0,31917
3,0.326173873,0,32265
7,0.287975666,0,32218
3,0.301445051,0,32248
7,0.306028546,0,31948
5,0.310253915,0,31861
1.25,0.337460125,0,13166
1,0.30954602,0,12864
0,0.290435845,0,13101
0.25,0.495117036,3,12902
1.25,0.387304852,2,10697
0.25,0.346536665,2,9846
0.25,0.369327911,4,9344
72,0.432518386,1,15093
6,0.467109679,1,14898
14,0.410868428,1,15292
7,0.418421224,2,15341
12,0.404260881,1,15302
14,0.427244177,1,15284
20,0.423537794,1,15439
2,0.300808697,0,22629
17,0.329313293,0,22222
16,0.310207906,0,22414
1,0.295717199,0,22065
8,0.298697113,0,21721
5,0.310114459,0,21405
4,0.343897601,4,21172
2,0.321889197,3,32797
17,0.314109134,3,32199
16,0.289009413,3,32082
1,0.279569551,4,31502
8,0.294773474,4,31034
5,0.280188273,4,30169
4,0.313739425,4,29550
0,0.315876639,0,22341
2,0.300659755,0,22281
0,0.288227028,0,22059
0,0.28616704,0,21456
0,0.261466591,0,21192
2,0.274277135,0,20647
1,0.294287958,0,20378
0,0.890252091,0,16383
1,1.008502239,0,26346
3,0.327694987,0,44221
0,0.303078977,0,47938
1,0.254904271,0,50925
0,0.248062464,0,51870
8,0.245230269,0,52938
29,0.314350645,0,29922
24,0.302067574,0,29745
49,0.298861512,0,29425
42,0.259212992,0,28818
27,0.268738701,0,28764
24,0.269549347,0,28492
116,0.271726782,0,28168
29,0.330338632,0,31834
24,0.314166824,0,31722
49,0.310613468,0,31705
42,0.276928858,0,31936
27,0.285525154,0,31724
24,0.270205719,0,31402
116,0.284403375,0,31167
29,0.308825276,0,16838
24,0.304598046,0,16681
49,0.316304478,0,16658
42,0.305969684,0,16031
27,0.290439116,0,16055
24,0.291765885,0,15958
116,0.304421769,3,15876
29,0.295987625,0,31677
24,0.277464744,0,31413
49,0.263393571,0,31265
42,0.244400761,0,31031
27,0.225249773,0,30828
24,0.238236929,0,30583
116,0.241338152,0,30161
29,0.324470295,0,28884
24,0.301430374,0,28524
49,0.299848437,0,28371
42,0.266519589,0,28103
27,0.264801982,0,27851
24,0.262609886,0,27756
116,0.278018349,0,27250
1,0.322039778,3,8648
5,0.293840537,3,8491
14,0.273484498,3,8644
4,0.262067284,4,8204
3,0.281730896,4,7603
14,0.273817827,4,7169
16,0.263598921,4,7041
1,0.242077964,0,12339
5,0.24425595,3,12143
14,0.235509606,3,12284
4,0.223789992,3,12190
3,0.203989273,3,11932
14,0.195640893,3,11562
16,0.201119304,3,11257
1,0.312270642,0,8720
5,0.294253138,0,8683
14,0.272965879,0,8763
4,0.262507289,0,8575
3,0.266548253,0,8445
14,0.275106512,0,8215
16,0.302871411,4,8010
0.4,0.418691099,0,19100
0,0.343238058,0,20327
0,0.324351537,0,20857
0.4,0.308650384,0,20554
0,0.301745878,0,20620
0.2,0.304865501,0,20409
1.2,0.303408023,0,20217
9,0.384642552,0,33977
15,0.358947368,0,33250
28,0.366812888,0,33055
8,0.326363692,2,32522
18,0.306165461,2,31790
18,0.311955407,4,31216
31,0.369431971,4,30509
9,0.39899426,2,39374
15,0.349281319,2,39169
28,0.360218764,2,39129
8,0.31706305,2,38557
18,0.305176544,2,38404
18,0.300100465,2,37824
31,0.35604372,2,37237
9,0.414059325,2,29532
15,0.392787212,2,28089
28,0.386156582,2,27551
8,0.343881934,2,27239
18,0.314264487,2,26920
18,0.33410339,2,26405
31,0.390618402,2,26051
0,0.336083042,0,83524
0,0.315601453,0,82018
0,0.331737288,0,81869
0,0.332004858,2,84809
0,0.050273561,2,84259
0,0.282630842,0,15706
0,0.290430315,3,15570
53,0.394368448,0,31288
111,0.364398941,0,31353
158,0.384641787,0,32048
165,0.340670367,0,31893
129,0.323139301,0,31816
133,0.340157932,0,31406
171,0.338511595,0,31349
0,0.271030873,0,26366
0,0.26123294,4,26084
1,0.243055556,4,26064
1,0.238324469,4,25759
0,0.240814398,4,25393
0,0.247604091,4,24834
6,0.248885617,4,24453
72,0.447876121,1,35454
6,0.449389104,1,34785
14,0.406904244,1,34964
7,0.426735739,1,34553
12,0.39595568,1,34567
14,0.401857263,1,34567
20,0.458025776,1,34140
72,0.360703978,2,17671
6,0.330068729,2,17460
14,0.32576279,2,17436
7,0.312517724,2,17631
12,0.293456747,2,17178
14,0.302342171,2,16822
20,0.311330224,2,16937
1.2,0.350213545,0,16390
3.1,0.334251895,0,15967
3.6,0.320956417,0,15809
2.1,0.305448864,0,15361
2.8,0.308072162,0,15188
1.3,0.290071162,0,14755
1.8,0.292977195,0,14339
0,0.39780112,1,24467
0,0.376589091,1,24621
0,0.34807963,2,24865
0,0.34574099,2,24501
0,0.320005024,2,23884
0,0.32012169,2,23338
0,0.332167221,1,22868
166.4,0.316429938,0,24571
217.8,0.341344364,2,24175
210,0.398873334,2,23787
244.2,0.320533358,3,21224
326,0.280793817,3,20962
400.8,0.287772947,3,20471
425.4,0.301809839,4,19615
11.5,0.311903795,0,19708
28.5,0.31243342,0,19713
14,0.293331331,0,19974
5,0.260297198,0,20054
19,0.257599514,0,19771
10.5,0.264674547,0,19711
11.5,0.282825188,0,19581
4,0.333098922,0,21330
6,0.305703714,0,20811
6,0.276711145,2,20834
4,0.264367816,2,20445
2,0.250915292,2,19939
3,0.245860927,4,19328
12,0.262383006,4,19018
4,0.362251545,0,29935
6,0.323596114,0,29543
6,0.319275657,0,29047
4,0.282544277,0,29022
2,0.277864937,0,28683
3,0.276886743,0,28369
12,0.306190442,0,27914
0,0.350955045,1,5183
0,0.379473996,1,5057
0,0.381538462,4,5200
0.090909091,0.333653292,4,5209
0.090909091,0.332384052,4,4916
0,0.360146999,4,4898
0.090909091,0.324693042,4,5131
1,0.307463912,0,31659
0,0.275866467,0,31363
3,0.275958032,0,31262
5,0.251744186,0,30960
7,0.258385778,0,30826
3,0.268409959,0,30364
4,0.2560894,0,29888
1,0.269473606,0,26767
0,0.256739848,0,26373
3,0.253600882,0,26313
5,0.23505028,0,26054
7,0.238577112,0,25891
3,0.237990408,0,25438
4,0.236631546,0,25246
0.8,0.472817337,2,16150
0.8,0.413287738,2,16376
0.6,0.38571939,2,16792
0.2,0.351901187,2,16516
0,0.338728254,2,16497
0.2,0.329479769,2,16262
0.8,0.342851935,4,16459
36,0.374488404,2,24922
39,0.344349082,2,24934
26,0.384532966,2,26133
36,0.312858783,2,26130
66,0.291144232,2,25362
51,0.299363567,2,24983
106,0.287512179,2,24632
10,0.419940408,2,21815
6,0.421629436,2,21443
6,0.412534819,2,21540
17,0.374394529,2,21058
13,0.384758002,2,20496
6,0.374760525,2,20357
22,0.438134905,2,19688
6,0.350981881,0,18434
17,0.345754229,2,18383
12,0.322302081,2,18644
3,0.290163665,2,18269
3,0.292662728,2,18113
2,0.393623613,2,17753
9,0.324892871,3,15402
6,0.310474457,0,25271
17,0.320414847,0,25648
12,0.34034034,0,25974
3,0.250046134,0,27095
3,0.248581705,0,26969
2,0.251701704,0,26591
9,0.266810786,0,26367
72,0.470806001,1,30794
6,0.475803279,1,30500
14,0.450426875,1,30571
7,0.404566629,1,30482
12,0.406732856,1,30418
14,0.443793677,2,30050
20,0.431264909,1,30603
0.166666667,0.439464627,1,13075
0.5,0.425964749,1,12879
0.333333333,0.387553582,1,13064
0.833333333,0.577160971,1,12934
2.5,0.335201454,1,19806
0.5,0.174740572,1,19755
1.166666667,0.328101419,1,19878
17,0.248307924,0,29254
14,0.26371308,0,28440
13,0.251376883,0,27417
2,0.22453738,0,27020
4,0.217592071,0,26637
18,0.225203532,0,26163
23,0.261808104,3,25618
17,0.365573216,0,29570
14,0.346427498,0,29937
13,0.309602812,0,30439
2,0.296734049,0,30374
4,0.308439084,0,30181
18,0.286722512,0,30322
23,0.31329238,0,30604
25,0.309442783,0,29091
49,0.316011579,0,28673
10,0.293171714,0,28792
22,0.284244396,0,28282
44,0.290323742,0,27769
33,0.270120293,0,26851
25,0.340033306,3,25821
25,0.305068167,0,16357
49,0.33553811,0,16177
10,0.323400366,0,16410
22,0.280459203,0,16202
44,0.271913794,0,15869
33,0.265457543,0,15769
25,0.2966686,0,15519
25,0.305067713,0,20897
49,0.286572761,0,20801
10,0.282444946,0,20843
22,0.264571817,0,20622
44,0.279771575,3,20313
33,0.266749751,3,20060
25,0.281562171,3,19921
34,0.384069127,2,51962
17,0.356665206,2,52489
21,0.346854274,2,53374
4,0.328310789,2,52563
9,0.34288547,2,52449
14,0.342431668,2,53050
46,0.37104508,2,52972
34,0.393599236,0,20935
17,0.400201227,0,20872
21,0.385216773,0,21105
4,0.332770596,0,20732
9,0.321067647,2,20681
14,0.347760246,2,20471
46,0.359711875,2,20269
34,0.369399311,0,24372
17,0.333017352,0,24263
21,0.332142417,0,24351
4,0.30547231,0,24359
9,0.307698658,4,24225
14,0.319657908,4,24204
46,0.310679612,4,23690
34,0.369243421,0,23104
17,0.358927956,0,23208
21,0.348399328,2,23209
4,0.294105038,2,23325
9,0.294501675,2,23589
14,0.302506372,2,23540
46,0.311076804,2,23319
34,0.398517034,0,24950
17,0.379765979,0,25126
21,0.386207171,0,25129
4,0.329452299,0,25251
9,0.339307188,2,25779
14,0.347136936,2,26056
46,0.358302412,2,25872
34,0.395831087,2,27825
17,0.381062439,2,27691
21,0.384028921,2,27938
4,0.332710683,2,27838
9,0.324458516,2,27794
14,0.316392679,2,27921
46,0.339822045,2,27535
34,0.434259643,2,36165
17,0.403006697,2,36585
21,0.401617251,2,36729
4,0.342060376,2,36935
9,0.331403022,2,37127
14,0.341211861,2,37232
46,0.348865157,2,36613
2,0.463066756,1,23908
7,0.456962502,1,23921
4,0.414210376,1,24461
4,0.42283976,1,24326
0,0.430917515,1,24174
12,0.440217391,1,24288
7,0.451753127,1,24385
9,0.345009597,2,12504
6,0.436454981,2,12739
37,0.337599069,2,13753
15,0.32246729,2,13375
5,0.295177045,2,13104
7,0.378821377,2,13117
57,0.366363636,2,13200
5,0.437402126,1,12133
0,0.441412118,1,11982
5,0.429155759,1,12224
4,0.371529689,1,12715
0,0.379451623,1,12692
0,0.359506712,1,12812
1,0.364962922,1,12541
0.2,0.372350582,4,5237
0.5,0.45191427,4,5459
0.4,0.339159188,4,6351
0.2,0.336247174,4,6635
0.7,0.303509038,4,6583
0.3,0.287452471,4,6575
0.2,0.323060245,4,6457
0,0.355866284,0,10799
2,0.431272118,0,10738
0,0.33844431,0,11609
1,0.330843394,0,11513
1,0.314144882,0,11361
2,0.315429173,0,11394
0,0.384697509,0,11240
8,0.334971335,0,20757
0,0.323913257,0,20382
7,0.306592724,0,20917
2,0.281952162,0,20695
2,0.274631992,0,20380
27,0.278608713,0,19924
3,0.272547529,3,19725
2,0.368550896,1,18646
5,0.371127901,1,18530
0,0.34271406,1,18371
0,0.356255178,1,18105
3,0.328940671,1,17681
1,0.34717243,1,17294
4,0.405872717,1,16483
2,0.332432214,0,24784
5,0.335613898,0,24263
0,0.342191365,0,25062
0,0.326403168,0,26262
3,0.294989041,0,26462
1,0.30709841,0,26034
4,0.314867222,0,25795
15,0.29637179,0,34342
15,0.293025499,0,33178
3,0.31734984,0,33764
11,0.302864509,2,34910
15,0.311279883,2,38316
5,0.251211818,2,38991
4,0.30129749,2,38613
