15,0.759810905,0,15442,10371
19,1.394076841,4,3748,11184
21,0.491014121,4,1558,11147
26,0.48951049,3,1144,10589
15,0.280877812,0,36272,9247
19,0.254402481,0,36116,8739
21,0.278211636,0,35854,9289
26,0.300788648,0,35377,10867
15,0.334699454,0,30012,29940
19,0.310123836,0,29959,28071
21,0.315681182,0,29647,27317
26,0.337400603,0,29176,31676
1,0.181416127,3,22385,2669
10,0.182331945,4,20172,2877
7,0.178793211,4,19324,2766
2,0.177248271,4,19515,3743
24,0.316970715,1,24996,132931
23,0.32179132,2,23826,140007
30,0.353495479,2,23559,145604
30,0.378612957,2,24080,151398
27,0.273566407,0,20909,6086
3.5,0.357167194,0,20545,9936
9.5,0.384970278,0,22542,11384
19.5,0.368534483,0,23664,11655
53,0.246851801,4,18185,2961
7,0.252090935,4,17815,3293
18,0.268513768,4,17541,3140
23,0.26249559,4,17006,3460
30.5,0.28361653,2,19068,6091
11.5,0.270032989,2,18794,6785
10.5,0.316408367,2,18454,6697
15,0.275871657,2,17983,6895
1.75,0.300828778,3,5671,9661
9,0.275987621,3,5493,8218
8,0.275952694,3,5327,11506
7.5,0.25871131,3,5137,12215
1,0.308203825,0,26768,5562
2,0.306435176,0,26495,5136
0,0.317183807,0,26234,5083
11,0.317723702,3,26095,5011
1,0.326933165,0,28593,5927
2,0.331933785,0,29057,5495
0,0.331678117,0,29402,5861
11,0.351926471,0,30029,5733
34.5,0.325673458,2,20714,26400
37.5,0.323791601,0,20192,27047
52.5,0.330208013,2,19518,28891
52.5,0.312622077,0,18943,29398
0.5,0.19282603,0,34207,10962
3,0.238623205,0,34544,14694
2,0.201936215,0,34397,16663
3,0.245133445,0,34059,16424
3,0.248605171,0,35309,5350
9,0.240496106,0,34670,5381
18,0.331635657,0,33968,5243
32,0.261864477,0,36053,5415
3,0.264043179,2,35017,2601
9,0.25997382,2,35142,2703
18,0.261799009,2,34897,2958
32,0.257924534,2,34797,3016
3,0.278557294,0,22236,2610
9,0.268057216,0,22581,3803
18,0.273215484,0,22345,3061
32,0.261226136,0,22314,4194
15,0.284183673,0,23520,1291
25,0.289990967,0,23249,1318
17,0.300273056,4,22706,1749
52,0.335726294,4,22009,1694
8.5,0.316798867,0,35300,3810
17,0.31048919,0,34874,4045
13,0.340577797,0,34095,3686
28,0.431610289,0,32578,3466
15,0.30984748,0,24128,13458
25,0.314693535,0,23820,11318
17,0.330009759,0,23569,12107
52,0.35339974,0,23090,12402
2,0.306362679,0,16141,2665
8,0.286942973,0,16045,2534
3,0.301803227,0,15805,2711
1,0.334591604,0,15365,2976
2,0.270728818,0,28704,4283
8,0.262045318,0,28289,4400
3,0.256802168,0,27675,4344
1,0.34059785,0,27164,3987
16,0.522966647,0,20508,1878
1,0.309238788,0,17459,1749
25,0.296526273,0,17071,2121
20,0.346514545,0,16741,1959
16,0.332789204,0,18378,3795
1,0.281761842,4,18072,3801
25,0.262335014,4,17653,3491
20,0.692647159,4,14729,3214
11,0.231458341,0,26009,8230
12,0.244801623,0,25633,7829
1,0.265113375,0,25623,8239
6,0.258428716,0,25686,9154
11,0.257517544,0,31493,3888
12,0.255265909,0,31571,3432
1,0.267363108,0,31302,4058
6,0.267860619,0,30822,3923
2.75,0.313190192,2,37399,17164
1.75,0.313937169,3,37052,18749
4,0.300883067,3,37483,19854
12.25,0.399717091,3,36761,19681
3,0.282140494,0,40813,10716
39,0.292232482,2,40502,10273
7,0.292384809,2,40498,10910
17,0.306955745,2,40312,11864
3,0.30114096,0,46978,9436
39,0.280736706,0,47183,10912
7,0.278622847,0,46676,11451
17,0.286213331,0,46088,11972
0.5,0.315143429,2,22485,31699
0.25,0.316447251,2,22484,33019
2,0.330571441,2,22207,33538
0.25,0.335203041,2,21572,35952
30,0.364650594,2,26173,4940
20,0.342592936,2,26927,4365
17,0.341131402,2,26887,4487
22,0.340534142,2,27034,4470
7,0.282907992,0,35736,10149
12,0.25211693,0,37082,10953
4,0.2578818,0,37428,11022
3,0.242429154,0,37017,10901
0.7,0.313913434,4,6677,38188
0,0.266571519,4,6306,36642
0,0.298452836,4,6011,36118
0.1,0.296603008,4,5917,39381
3.5,0.382605856,2,9187,4477
2.833333333,0.710919089,3,6365,3493
1.5,0.385283019,3,5300,3228
2.666666667,0.339095477,3,4975,3158
8,0.23952326,0,23409,2744
12,0.22760937,0,23224,2971
28,0.228146663,0,22937,2873
12,0.223093682,0,22950,3135
8,0.2218273,3,41077,26613
12,0.221362425,3,39415,25793
28,0.214596473,3,38845,28364
12,0.209757972,4,39045,31582
8,0.398820342,2,29161,74353
12,0.389808302,2,29004,78879
28,0.383284904,2,28908,79594
12,0.384470818,2,28733,82378
8,0.283181309,2,31245,4957
12,0.268370293,2,30484,5476
28,0.289854591,2,30122,5153
12,0.27171381,2,30050,5334
8,0.296235817,2,35519,26098
12,0.305368085,2,35413,24401
28,0.316456773,2,35256,24061
12,0.314809575,2,35342,25833
1,0.296677585,0,34192,5491
0,0.295832238,0,34239,5389
2,0.298027736,0,33819,5328
6,0.322193026,0,33871,5220
0,0.361653128,2,23882,6353
1,0.369491092,2,23462,6361
12,0.377799751,2,23261,6005
17,0.393482428,2,23475,7100
0,0.28774605,0,27281,4934
1,0.266278397,0,27644,5211
12,0.307567859,0,27815,5145
17,0.29098719,0,26307,5035
0,0.312055336,0,30360,19257
1,0.288543612,0,29992,19699
12,0.317569379,0,29836,18683
17,0.310511411,0,30015,17302
1,0.330695637,1,22368,7657
0,0.322355694,2,22227,7832
0,0.33973956,1,22270,7756
1,0.341332974,1,22251,9606
0,0.291918569,0,16210,1814
0,0.294933199,0,15868,1658
0,0.292572526,0,14581,1719
1,0.278039048,3,14034,1943
0,0.520052693,2,20496,2427
0,0.294966172,2,23501,2422
0.5,0.315706427,2,23449,2273
1,0.278918966,2,22978,2528
0,0.463770081,2,14753,1971
4,0.343376692,2,15068,1963
0,0.344248254,2,15178,2037
1,0.323057376,2,14954,1887
5,0.296135845,0,51706,18786
5,0.288355114,2,51499,18259
14,0.301857796,2,51405,18608
45,0.338634165,2,51690,19939
1,0.296119355,0,37468,3328
9,0.277638859,0,37592,3619
2,0.293455628,0,37941,3816
13,0.280475614,0,38014,3790
3.5,0.292583072,0,21006,4255
8,0.260362878,2,21109,4612
7,0.384726018,3,20859,4884
14,0.311808335,3,16988,5112
7,0.487294388,1,18299,8242
12,0.471407505,1,18309,7971
14,0.462738391,1,19296,8248
20,0.492710901,1,18658,9003
30,0.250007938,0,31495,2327
20,0.264983823,0,31217,1988
17,0.251704417,0,30949,2320
22,0.256323777,3,30836,2474
30,0.261171632,0,17992,1642
20,0.277126591,0,17916,1685
17,0.262361309,0,17575,2075
22,0.282874004,0,17453,2058
1,0.317050902,4,4381,1179
1,0.251445813,4,3977,1253
1,0.29885357,4,3838,1370
15,2.314894765,4,3706,1535
1,0.280374427,0,31408,4110
1,0.277628903,0,30973,4268
1,0.270818961,0,30441,4246
15,0.334238103,3,29105,4170
4,0.407594937,4,8295,15775
11.75,0.435912793,4,8348,20356
6.75,0.414455842,4,8481,15728
5,0.43062812,4,8613,16467
1,0.432051562,2,18308,5538
1,0.446063185,2,18327,5952
0,0.420526201,2,18396,5656
1,0.451248773,2,18338,6397
39,0.3138833,4,5964,4487
1.666666667,0.385515224,4,5813,5035
3.333333333,1.470540497,4,6161,5745
7.333333333,0.703127252,0,13878,8681
4.5,0.330962474,2,35149,10811
7,0.303405573,2,34884,11058
2.5,0.324500992,2,34268,11480
6.5,0.356935646,2,33782,9726
1,0.325739385,1,17075,5119
0,0.308119194,1,16578,5138
1,0.314716368,4,15989,5049
6,0.316593189,4,15651,7140
0,0.309952215,2,33902,7024
2,0.319101796,2,33400,8097
2,0.329167569,2,32327,8681
39,0.45798416,2,30429,9221
40,0.469802343,2,27320,37939
50,0.443554452,2,26592,38902
127,0.457091685,2,26242,39621
152,0.458527056,2,25595,43779
40,0.421155687,2,22982,53983
50,0.403853768,2,22731,56495
127,0.42868604,2,22436,58376
152,0.459774599,2,23070,65282
36,0.402849855,2,11369,4237
43,0.400438789,2,11395,4466
36,0.402811736,2,11452,4774
43,0.415409808,2,11603,5680
0,0.332004858,2,84809,49427
0,0.057643694,2,84259,7855
0,0.30338035,2,16448,8828
0,0.302708346,2,16283,9640
1,0.297907751,0,21030,9558
3,0.292186282,0,20528,10111
1,0.663283406,3,20296,9932
22,0.342267731,2,26564,10292
1,0.22491999,0,32496,5342
3,0.243275181,0,32157,5735
1,0.291355662,0,31350,5854
22,0.265004832,0,30007,6140
0,0.362031006,2,21802,18431
0,0.342862525,2,21233,16953
0.333333333,0.350882186,2,21084,16705
1.666666667,0.370704225,2,21300,18382
2.25,0.327926209,2,34584,16306
4.25,0.350423411,2,34718,16477
3.75,0.344051898,2,35608,19037
7.25,0.365147092,2,35624,21386
5,0.237520468,0,21375,5240
3,0.272207897,3,19779,4079
18,0.254456305,4,19579,4219
32,0.258616222,4,19295,4432
5,0.215455691,2,26191,4965
3,0.207616272,3,25393,4437
18,0.203110594,4,24947,4491
32,0.188399528,4,25430,4663
5,0.256843206,0,32514,9554
3,0.260843657,0,31885,10781
18,0.254824672,2,31712,10566
32,0.25265118,4,31684,10764
2,0.299474135,0,40885,12649
3,0.30074636,0,40865,12717
12,0.299770376,0,40501,12250
5,0.323590762,0,40270,11904
0,0.331960643,2,31811,7450
1,0.350703572,2,32335,7174
1,0.336968543,2,32552,7530
2,0.378922956,2,33202,8130
104,0.287402517,0,20901,6289
94,0.283567525,0,20496,6550
111,0.31058904,0,20474,6993
189,0.489490559,0,19649,7103
104,0.293098269,0,43279,48576
94,0.287590083,0,42877,50271
111,0.311854345,0,42786,46484
189,0.317360235,0,42822,51945
104,0.492846571,2,22297,31940
94,0.496585191,3,22256,26790
111,0.496699151,3,22267,28568
189,0.520990802,3,21962,29049
30,0.480165954,1,23621,10394
20,0.453100029,1,24403,11988
17,0.477403967,1,23898,12397
22,0.482421627,1,23637,12777
0,0.378459237,1,16044,16141
1,0.368126337,1,15894,10395
4.666666667,0.473690644,1,16363,10673
12.33333333,0.453126883,1,16598,11034
34,0.301312291,0,23318,13664
24,0.300265645,0,22963,14298
97,0.315011124,0,22923,15962
58,0.33708257,0,22938,19542
34,0.284907136,0,34513,16951
24,0.310090167,0,34935,18453
97,0.292863347,0,35689,21387
58,0.310214482,0,35714,22083
3,0.287770105,2,22445,2812
1,0.297941744,2,21766,3138
1,0.384086399,2,21667,2924
3,0.283629442,2,23640,3342
4,0.276346791,4,25041,5316
3,0.280887873,4,24508,5496
1,0.270942517,4,24042,5669
1,0.291073084,4,23726,5804
4,0.284412955,0,31616,5486
3,0.282951817,4,31235,6126
1,0.267795394,4,30654,6561
1,0.281993998,4,29990,6738
1,0.276364699,0,23943,14457
1,0.283984244,0,23864,14318
1,0.28528981,0,23895,15214
4,0.319109936,2,23459,16220
23,0.323683433,2,37237,20363
79,0.329745042,2,35300,18814
121,0.347722864,2,34539,22377
96,0.352651548,2,34527,24185
23,0.274302135,3,24360,3454
79,0.270996175,3,24052,3323
121,0.253154972,3,23772,3158
96,0.270294267,4,23652,3287
23,0.247943706,3,31975,8752
79,0.245810407,3,31805,8511
121,0.242214971,4,31567,8007
96,0.228801442,4,32172,8294
23,0.289931238,3,20360,3406
79,0.277456647,3,20241,3096
121,0.258391608,3,20020,3430
96,0.252244613,3,20048,3598
5,0.26231257,0,16873,1395
1,0.245998315,0,16618,1383
20,0.276810884,0,16318,1514
6,0.335227946,0,16890,1764
5,0.262386631,0,23816,1797
1,0.285197634,0,23503,1716
20,0.254121516,0,23717,2040
6,0.287474679,0,23696,1917
0.625,0.415340774,1,16844,7957
0.25,0.408558952,1,17175,10170
2.5,0.432222945,1,16901,9677
0.75,0.428144064,1,17048,10276
0,0.332004858,2,84809,49427
0,0.040090673,2,84259,3294
0,0.306802098,0,12011,3929
0,0.278507664,0,11874,3822
0,0.28991989,0,20347,1390
6,0.272159119,0,20161,1318
1,0.287904772,0,19826,1379
16,0.319643132,0,19503,1361
0,0.283707206,0,29823,9051
6,0.266522576,0,29611,9104
1,0.26569348,0,29662,8993
16,0.29331023,0,29433,9063
6,0.372470178,2,22383,9851
13,0.368450901,2,22923,10265
13,0.405552461,2,23341,12754
42,0.416197488,2,23090,15416
6,0.28502136,0,22472,3051
13,0.282961233,0,22261,3351
13,0.305212154,0,22083,3267
42,0.340271077,0,21765,3485
6,0.230610189,0,37726,17135
13,0.22390419,0,37324,19501
13,0.25642766,0,36833,19280
42,0.244323241,4,35936,20629
5,0.268036495,0,26086,12260
21,0.262900408,0,25755,10974
4,0.287166155,0,25386,11488
18,0.296534732,0,25164,12544
3,0.267649687,0,24618,2106
0,0.265539737,0,24373,2057
2,0.257615613,0,23570,2155
3,0.299360857,0,23156,2313
3,0.279585411,0,22866,4128
0,0.263474388,0,22450,3993
2,0.265174129,0,22110,4552
3,0.307522531,4,21748,4657
0,0.322477064,0,19620,3655
4,0.317398038,0,19370,3543
0,0.340840054,4,19094,3486
3,0.355478168,4,18665,3471
0,0.308291807,0,34516,10966
4,0.282328755,4,35023,9831
0,0.303107904,4,34364,11139
3,0.298342867,4,33914,10699
3,0.338701923,2,24960,3790
6,0.333906423,2,24429,4690
1,0.344244634,2,24134,4926
6,0.362451108,2,23010,4751
3,0.293508415,0,21628,3572
6,0.300850444,0,21283,3392
1,0.306440131,0,21071,4265
6,0.312890403,0,21132,5079
8,0.280370268,0,28844,6030
9,0.293139953,3,28338,6140
15,0.27683195,3,28194,6127
19,0.30945487,3,27975,5844
8,0.315909015,0,29939,8174
9,0.316851871,3,29427,7685
15,0.331252156,4,28990,7977
19,0.337381682,4,28736,8069
8,0.322680412,2,23280,3433
9,0.298300735,2,22598,3407
15,0.305516459,2,22025,3630
19,0.372804585,3,21636,3530
8,0.298717333,0,14579,3596
9,0.30174651,3,14257,3740
15,0.301393728,3,13776,3557
19,0.390702864,4,13445,3204
8,0.286923048,2,26237,3786
9,0.288037166,2,25830,4122
15,0.303606064,4,25263,4227
19,0.339605915,4,24817,4048
8,0.307321105,3,37508,6636
9,0.317554613,3,37033,6842
15,0.313181341,3,37151,7060
19,0.344277955,3,36639,6965
2.173913043,0.288768739,4,4069,112011
1,0.236468607,4,4157,103320
1.347826087,0.289963787,4,3866,105636
1.52173913,0.285595106,4,3596,122217
13,0.295262884,0,28815,4937
16,0.285314685,0,28600,5027
10,0.284688318,0,28266,5847
19,0.40932966,0,27225,6003
13,0.271500578,0,19046,4869
16,0.265019533,0,18942,5137
10,0.275710114,0,18835,4817
19,0.310580205,0,18752,5077
321,0.251224758,0,33476,21035
486,0.24907399,0,33207,22037
638,0.258529189,0,32975,21221
610,0.280708746,0,32621,22234
321,0.320041381,0,31899,3613
486,0.309464353,0,32036,3604
638,0.314792714,0,31840,4005
610,0.334953941,0,31264,4010
321,0.328773565,0,23393,3535
486,0.341804375,0,23177,3917
638,0.345353735,0,23266,4149
610,0.370004783,2,22997,4791
321,0.289997237,0,28952,3931
486,0.290134591,0,28828,3666
638,0.275668319,0,28654,3942
610,0.305535029,0,28419,4472
321,0.218398066,0,45907,8977
486,0.214996392,0,45731,9703
638,0.211444491,0,45227,10219
610,0.228177093,0,44632,10422
0,0.285250464,0,8624,1489
2,0.28939464,0,8656,1388
0,0.271117325,0,8583,1494
6,0.345125414,0,8452,1510
9,0.296323977,0,36126,5736
1,0.296191237,0,36311,5870
2,0.309329976,0,35745,5806
19,0.304755697,0,35284,5495
9,0.31564177,2,20311,5399
1,0.335079828,2,20231,5333
2,0.342168796,2,19882,4697
19,0.379654255,4,19552,4548
0,0.278637206,2,32903,36952
0,0.265191184,2,32848,36161
0,0.275466152,2,32661,38231
0.5,0.287517836,2,32238,38775
20,0.336732015,0,22852,7913
89,0.31382442,0,22793,6648
83,0.319321045,0,22623,6905
70,0.341078317,4,22294,7901
10,0.226984324,4,16076,10279
45,0.359498433,4,15950,10862
43.5,0.298516484,2,18200,11342
40.5,0.370779114,2,18213,17613
30,0.265177466,0,34739,6761
20,0.272230416,0,34581,5201
17,0.279326331,0,34082,6081
22,0.275387111,0,33905,6428
9,0.316028784,3,25292,6044
11,0.326563269,4,24372,6580
5,0.336138305,4,24005,6533
17,0.343316533,4,24007,6249
17,0.358947957,2,33991,9872
18,0.379314376,2,34217,9227
20,0.332507289,2,34300,9097
60,0.427664663,2,32612,9696
17,0.29868771,0,22937,1990
18,0.355084126,0,20505,2223
20,0.247158668,0,20149,2246
60,0.265014299,0,19931,2885
9,0.278519244,0,24501,5766
16,0.279842481,0,24378,5949
8,0.263222835,0,24314,6528
49,0.358345296,0,22989,7474
17,0.300203705,0,21109,28714
18,0.298981944,0,20824,29186
20,0.286649152,0,20935,27920
60,0.324344999,0,20916,34309
17,0.280556988,0,13573,2296
18,0.311767325,0,13478,2280
20,0.272089552,0,13400,2312
60,0.275486613,0,13409,2668
4.5,0.285667087,0,33294,10463
4,0.270826409,0,33095,10930
1.5,0.51359735,0,33205,11101
3,0.269183892,0,40203,11795
44,0.372917755,2,17229,14976
24,0.374246512,2,17419,13769
44,0.383017472,2,17571,12716
31,0.395362088,2,17551,15680
44,0.340432398,0,27891,16233
24,0.356245034,0,27686,14947
44,0.379699248,0,28728,17830
31,0.333263976,2,28836,19515
44,0.303892444,0,26256,10357
24,0.290074863,0,25914,10484
44,0.286667714,4,25472,11263
31,0.322621498,4,25268,13939
44,0.359679267,0,26190,15252
24,0.368281328,0,25991,13140
44,0.367541034,0,26076,14451
31,0.381022727,0,26400,14575
44,0.313930703,0,22454,11363
24,0.316752992,0,22396,10745
44,0.310468344,0,22334,10715
31,0.327627816,0,22376,11038
5,0.298532089,0,17576,8988
9,0.294196015,0,17264,8976
13,0.309927361,0,16933,9314
18,0.325629877,0,16789,11044
5,0.394955079,2,26046,21109
9,0.351332799,2,26223,21572
13,0.367377579,2,25976,19010
18,0.384151294,2,25857,22334
11,0.29512841,0,32474,10834
3,0.295350704,0,32392,9931
5,0.290463419,4,32066,10277
2,0.319056937,4,31684,10651
11,0.30093319,0,24218,3121
3,0.29319742,0,24035,2837
5,0.274618051,0,23367,2637
2,0.29601294,3,22874,2929
11,0.238339884,0,32311,2874
3,0.242063492,0,32004,3161
5,0.227780583,0,31684,3061
2,0.249558318,0,31131,2984
4,0.296664324,0,31298,6850
14,0.287128713,0,31108,7140
6,0.709519168,0,30780,8755
16,0.29995796,0,42816,10126
2,0.293202699,0,26231,12130
7,0.288014723,4,26082,12658
3,0.29322959,4,25833,10884
8.5,0.324289048,4,25283,11834
4,0.272237878,2,27678,3904
14,0.267155157,2,27295,3824
6,0.290226174,2,27103,4323
16,0.284555926,2,26392,4577
2,0.34545198,2,21262,8763
0,0.344259975,2,21202,8783
1,0.34763066,2,20913,9030
3,0.362375758,2,20625,9093
2,0.245331744,0,20136,3665
0,0.25597166,0,19760,3128
1,0.252502723,0,19279,3325
3,0.257370813,3,18926,3203
2,0.215160975,0,21463,2637
0,0.20486634,0,21248,2556
1,0.221145544,0,20846,2621
3,0.220358757,0,20571,2833
0,0.296072022,2,18661,1774
0,0.279325033,2,18312,2091
0,0.292669278,3,17870,2009
1,0.275050893,3,17684,2068
7,0.282314638,2,29793,4477
12,0.29842017,2,28041,4966
14,0.30950103,2,27176,6374
20,0.294569953,2,27311,7131
0,0.354546065,2,14881,4287
0,0.325905873,2,14406,4121
0,0.381304059,2,15030,5098
0,0.328504333,2,15117,5350
0.666666667,0.306527008,0,11552,3432
1.666666667,0.299835825,0,11573,3590
1.333333333,0.285901468,0,11448,3495
5.666666667,0.297806747,0,11353,3635
1,0.906584992,0,10448,3218
4,0.377359491,0,18860,2025
2,0.321688791,0,20038,2404
17,0.349403007,0,20017,2911
1,0.284358151,0,34868,6278
4,0.297523319,0,34199,6294
2,0.292847149,0,34308,6626
17,0.319831469,0,34415,6899
5,0.305228814,2,11647,1795
1,0.273078652,3,11125,1862
0,0.282357295,3,10809,1961
10,0.414146248,3,10448,2023
4,0.291239372,0,42223,6304
2,0.322540945,0,42252,6914
9,0.293760074,0,43430,6550
7,0.327422595,0,43311,6968
4,0.287663242,0,30859,3919
2,0.282549566,4,30515,4088
9,0.284347186,4,29886,4045
7,0.331078095,4,29413,4235
1.5,0.366991113,1,11815,10177
1.5,0.354882042,1,11911,9219
1,0.46087843,1,11771,9933
4.5,0.388442522,1,12944,11115
6,0.390914258,2,24632,8482
8,0.403001599,2,24387,8660
2,0.394747777,2,24066,9718
36,0.418252847,2,24062,10239
3.5,0.297171998,2,30198,5488
4,0.352983185,2,30806,5323
1,0.293487534,2,31647,5254
18,0.325310858,2,31204,5438
6,0.32034271,2,26378,4444
8,0.322946283,2,26379,4303
2,0.320947725,2,26590,4121
36,0.349768995,2,25757,3921
6,0.374596618,2,15494,1672
8,0.36469131,2,15339,1638
2,0.359656085,2,15120,1613
36,0.389647402,2,15088,1844
6,0.348002794,2,15747,1521
8,0.325212137,2,15556,1692
2,0.320613664,2,15383,1533
36,0.402002107,2,15184,1548
1.166666667,0.358629826,3,10568,45313
0.833333333,0.338922959,3,10436,45046
1.583333333,0.344209604,3,10267,42248
2.416666667,0.350939664,3,10110,51425
9,0.325491241,0,33792,2165
11,0.269560218,0,34790,2190
5,0.26691891,0,34887,2038
17,0.241750071,0,34970,2194
0.555555556,0.327925095,0,27982,8666
0.111111111,0.295240405,0,28868,9510
2.222222222,0.303600196,3,28554,9395
0.777777778,0.305754255,3,28379,10767
0,0.33192402,0,16320,57706
0,0.341783921,0,16133,49715
0,0.362721037,0,15891,56222
0,0.366196288,0,15732,69772
0,0.381416524,2,32728,30856
0,0.382590286,2,32591,30057
0,0.389653462,2,32262,33171
0,0.403691963,0,32178,37420
30,0.215713049,0,30026,2600
20,0.213233306,4,29592,2615
17,0.210398698,4,28869,2380
22,0.209843369,4,28283,2390
9,0.309828063,0,32163,3305
11,0.288958176,0,31752,3331
5,0.295689151,0,30806,3599
17,0.296540308,0,30205,3208
0,0.378990381,2,35241,10220
0,0.349726776,2,35319,10176
0,0.338791434,2,35116,10526
0,0.352985529,2,34483,12617
5.285714286,0.283366393,4,3529,4646
7.857142857,0.284080915,4,3411,3980
3.285714286,0.251805054,4,3324,4864
6.714285714,0.244727047,4,3224,4736
0,0.315383879,0,20892,1757
0,0.305291723,0,20636,2139
0,0.301759937,0,20228,2125
0,0.312249599,0,19968,2116
0,0.241088222,0,44660,8031
0,0.240184028,0,44341,7954
0,0.240600817,0,43807,9736
0,0.249780671,0,43314,9674
0,0.313107961,0,22925,8249
0,0.320462469,0,22661,8370
0,0.321632256,0,22619,9395
0,0.323458874,0,22516,9735
0,0.225909796,0,39954,4957
0,0.225977553,0,39026,4773
0,0.230299696,4,38172,4327
0,0.235019933,4,32610,5226
0,0.298405744,0,24651,2729
0,0.296926364,0,24336,3319
0,0.292655508,0,24018,3383
0,0.284086486,0,28259,3723
0,0.283849658,0,37541,14903
0,0.274592377,0,37044,14042
0,0.275147039,0,36555,14958
0,0.277132371,0,36239,16046
0,0.319395503,0,27527,1965
0,0.331748354,0,27340,1885
0,0.322388851,0,26406,1952
0,0.30939438,0,26122,1949
0,0.281123694,0,24989,2314
0,0.284328388,0,24739,2360
0,0.274192888,0,24439,2352
0,0.281072803,0,24161,2459
0,0.405271303,1,40711,6517
0,0.405261747,2,44776,6250
0,0.342919571,1,48055,7431
0,0.353574317,1,48219,8250
0,0.347606383,2,26320,4346
0,0.350548864,2,26236,4090
0,0.346024078,2,26082,4580
0,0.384722008,2,25972,4607
0,0.309173004,2,25248,2748
0,0.314651562,2,25069,2720
0,0.324973298,2,25279,2611
0,0.337887711,2,25470,2591
0,0.280591485,2,30229,2694
0,0.292439943,2,30013,2879
0,0.287518375,2,29932,2903
0,0.310331099,2,30142,2784
0,0.259431069,0,26084,5306
0,0.269870753,0,25842,6159
0,0.310385241,0,26451,6728
0,0.281895004,0,26744,6990
0,0.375928756,2,18977,9848
0,0.379841219,2,18642,9971
0,0.414465577,2,18665,10529
0,0.425175053,2,18423,10834
0,0.255720858,0,33474,27067
0,0.247259295,0,33568,28598
0,0.271569931,0,33855,31734
0,0.271492675,0,33651,35783
0,0.293362722,0,28129,5238
0,0.267595493,0,27777,5441
0,0.246010833,0,27324,5661
0,0.384479379,4,26017,5472
4.2,0.346702765,2,25855,10411
6.8,0.335408347,2,25542,10170
4.6,0.409614163,2,25192,10471
9.2,0.385398165,2,27024,11355
0.333333333,0.46750654,2,29052,51978
1,0.450887295,2,29697,52524
3.333333333,0.422002464,2,30033,54723
13.33333333,0.422055189,2,29136,60674
30,0.451026604,1,25034,2654
20,0.434800016,1,24977,2755
17,0.444859588,1,24891,2630
22,0.47590694,1,25360,2663
0.25,0.310945614,0,14636,4161
0,0.329639122,0,14437,4616
0,0.354284913,0,14271,4238
0.25,0.345943324,0,14433,4337
30,0.440784122,2,24588,7033
20,0.430598396,2,24315,6702
17,0.427590486,2,24175,7099
22,0.460839481,2,23991,7677
0,0.387244262,2,21653,28304
0,0.379076838,2,21708,26660
0,0.389053254,2,21632,29187
0,0.414966617,2,21568,31743
0,0.314144461,0,23868,46119
0,0.315982776,0,23688,49210
0,0.339288037,0,23063,46577
0,0.400405474,0,21703,49732
22,0.339221604,0,31475,63373
12,0.341004319,0,31026,65115
22,0.345808139,0,30595,69214
15.5,0.340479439,0,30786,75372
0,0.27180331,0,30993,26148
0,0.290290258,0,30938,27523
0,0.311206058,0,28788,25476
0,0.287917209,0,29182,27279
0,0.239793029,0,38846,7042
0,0.249481396,0,38083,8217
0,0.252282247,4,37244,8385
0,0.272752029,4,36722,8937
0,0.404454405,2,35695,14862
0,0.359034612,2,36172,14313
0,0.351565111,2,35908,14740
0,0.357637235,2,35687,16586
0,0.298002327,0,20624,14744
0,0.309863369,0,20054,15379
0,0.315439984,0,19728,15914
0,0.326739704,0,19716,17390
0,0.364982993,2,27341,7849
0,0.332214641,2,27115,7545
0,0.326629063,2,26948,7415
0,0.355388168,2,26419,7653
0,0.35187149,2,25461,10355
0,0.341721854,2,25670,10273
0,0.326981887,2,25506,10167
0,0.334582314,2,25354,10320
0,0.300787163,2,19818,5608
0,0.290800733,3,19632,5115
0,0.299891005,3,19267,5014
0,0.31303561,3,18787,5462
0,0.352800338,2,21301,8483
0,0.347765298,2,21457,9378
0,0.327782442,2,21438,9921
0,0.355095317,2,21245,11416
846,0.24408402,0,41371,8608
667.5,0.236173539,0,40936,8434
570.5,0.235375018,0,40718,9355
1230.5,0.273169772,0,40678,11362
0,0.296239325,0,18853,5617
0,0.279108756,0,18491,6683
0,0.31053185,0,18069,7040
0,0.314214745,0,17714,6747
0,0.321889996,2,18963,11166
0,0.314870976,2,18795,12598
0,0.316589415,2,18554,15600
0,0.326967914,2,18014,16991
0,0.265867226,3,21932,13272
0,0.254217487,3,21399,14571
0,0.254606365,4,20895,15413
0,0.278612548,4,20498,18130
0,0.335370823,2,12270,42946
0,0.346590452,2,12421,43517
0,0.36299503,2,12474,44694
0,0.363251955,2,12534,44795
7,0.24947793,0,34957,2495
12,0.238726107,0,34948,2449
14,0.241808366,0,34639,2520
20,0.253988159,0,34289,2692
5,0.607768537,0,11302,1881
0,0.560397244,0,14802,2422
1,1.03626649,0,21149,3340
0.666666667,0.426573614,0,37398,4598
3,0.465737515,2,1722,61763
1.666666667,0.424036281,2,1764,61868
3.333333333,0.405764967,2,1804,62183
3.833333333,0.356531049,2,1868,72671
0,0.275226516,3,12913,2581
0,0.276932776,3,12689,2156
0,0.282803978,3,12468,2426
0,0.303543914,4,12331,2650
9,0.285309614,0,35302,7986
11,0.265484899,4,33904,8463
5,0.274593539,4,32783,7991
17,0.282226078,4,32272,7991
9,0.295674332,3,32573,7511
11,0.285124992,3,32242,7272
5,0.304974031,4,31383,7288
17,0.287015133,4,30859,7090
0,0.398260744,2,27713,11042
0,0.362773644,2,27819,11419
0,0.366939832,2,27822,11693
0,0.392600206,2,27244,13522
0,0.365643124,0,22243,4614
0,0.254126846,0,23020,5434
0,0.284625551,0,22700,4917
0,0.255006258,0,22372,5517
4,0.274072938,0,26077,5826
2,0.275352819,0,25934,5602
1.5,0.26894274,0,26039,5447
9,0.256237227,0,25933,5691
0,0.253561394,0,20287,2550
0,0.241419637,4,19667,3003
0,0.244386423,4,19150,2735
0,0.321851971,4,18726,2770
0,0.258015711,4,17185,14416
0,0.256673022,4,16784,17294
0,0.29086906,2,16351,16742
0,0.282967204,2,16069,16875
0,0.305166869,0,23941,5376
0,0.307006695,0,23449,5125
0,0.309371923,4,23357,5448
0,0.313498766,4,23091,5039
0,0.283068558,0,23542,3853
0,0.283270451,0,23324,4357
0,0.294816368,4,22899,4814
0,0.295470323,4,23048,4510
0,0.366277636,2,24334,8736
0,0.358126722,2,24321,8413
0,0.357261205,2,24142,8482
0,0.379812089,2,24054,8887
0,0.31656027,3,7989,1744
0,0.300784314,3,7650,1659
0,0.323909855,3,7499,1595
0,0.349008886,3,7315,1595
0,0.349184783,3,9568,6278
0,0.395528625,4,9572,5682
0,0.396439644,4,9999,6859
0,0.402239619,4,10091,7424
0,0.305690502,0,38081,13306
0,0.289355283,2,38451,13368
0,0.281152486,2,38456,14157
0,0.266556377,4,38686,14578
0,0.239620403,0,25290,1565
0,0.24343647,0,25177,1787
0,0.207134592,0,25061,1675
0,0.220808779,0,24605,1844
0,0.259898872,0,12855,9283
0,0.254311014,4,12874,9142
0,0.230560928,4,12925,10323
0,0.259751494,4,12716,10475
0,0.264379005,0,24654,2019
0,0.276517323,0,24418,1956
0,0.249989666,0,24193,1990
0,0.253524631,4,24116,1921
0,0.261687967,0,24491,3486
0,0.275424613,0,23963,3451
0,0.270470938,0,23570,3407
0,0.259309699,3,23497,3478
0,0.274634204,2,25219,4110
0,0.278463418,2,23741,4035
0,0.29060678,2,23155,5642
0,0.307034845,2,22815,5312
0,0.249959095,0,18335,2560
0,0.246562164,0,17671,3056
0,0.248048669,3,17424,2646
0,0.252218071,4,17132,3049
0,0.225080611,3,14266,1928
0,0.230408766,4,13871,1567
0,0.234699897,4,13562,1775
0,0.226114175,4,13418,1889
2.5,0.232930969,0,21208,2300
1.5,0.260941456,3,19353,2079
9,0.255953028,4,18394,2442
16,0.239494174,4,18109,2968
0,0.277019318,0,25417,3592
0,0.270972172,0,24759,3974
0,0.266984505,0,24331,4417
0,0.281859813,4,24239,4681
0,0.415244387,0,16347,3306
0,0.381456366,0,15779,3030
0,0.389596946,0,15457,3247
0,0.417671198,0,15596,2965
0,0.248742556,0,32407,6806
0,0.292777674,0,32178,7895
0,0.463632451,0,37176,8358
0,0.230014922,0,42219,9197
0,0.251537588,0,25527,5557
0,0.265953199,0,25042,5172
0,0.284906428,0,24580,5374
0,0.27625343,0,24054,6095
0,0.40654295,3,10454,3198
0,0.333426339,3,10752,4043
0,0.316616485,3,10628,4214
0,0.332593415,3,10812,3957
0.333333333,0.324786407,2,34840.33333,26506
0,0.076571885,3,34242.33333,26112
0,0.29288844,3,8901,27660
0,0.364752252,3,8880,29091
0,0.242871587,0,29670,3975
0,0.25901821,0,28886,4496
0,0.238138686,0,28496,4655
0,0.245936818,0,28426,4190
0,0.367530581,0,21337,19901
0,0.350446116,0,21407,27372
0,0.348154324,0,21591,22408
0,0.3660037,0,21620,20312
0,0.246951379,0,38214,13980
0,0.235284897,0,38277,13854
0,0.241467263,0,38030,13863
0,0.25845872,0,38215,14948
30,0.445591205,1,26742,6754
20,0.493041148,1,23136,5632
17,0.551438983,1,21404,5630
22,0.58545472,1,20859,5899
47,0.327488068,0,28285,3569
56,0.311959629,0,28337,3927
82,0.306402974,0,28518,3689
73,0.328795147,0,28352,3870
47,0.292246183,0,23511,2707
56,0.286989299,0,23081,2933
82,0.30520861,0,22578,3212
73,0.321740298,0,22341,3330
4.2,0.32925801,2,23720,5375
6.8,0.304338053,2,22245,5800
6.8,0.31594939,2,22051,6454
13.8,0.381775115,2,21531,5355
30,0.351552188,2,20455,2385
20,0.324398223,2,20481,2256
17,0.33098279,2,20279,2253
22,0.361976107,2,20424,2430
11,0.291288102,0,25425,5352
5,0.280773833,0,25070,5028
8,0.274821544,4,24656,5152
5,0.298791019,4,24318,4893
11,0.316689268,0,20648,3669
5,0.278382947,0,21298,3715
8,0.358570261,0,22018,3846
5,0.298892989,0,23035,3876
11,0.34947391,0,18628,3917
5,0.296804668,4,17995,4187
8,0.300979619,4,17762,4143
5,0.365052199,4,17529,4147
11,0.293545535,0,19227,3645
5,0.288793549,0,19346,3786
8,0.273594531,0,19602,4271
5,0.282524667,0,19662,4114
11,0.308520455,0,16255,3585
5,0.290356138,0,16342,3393
8,0.284251731,0,16605,4412
5,0.322167607,0,16479,4251
11,0.277604167,0,13440,3322
5,0.278143643,4,12907,3473
8,0.271370094,4,12459,3412
5,0.269063449,4,12183,3523
11,0.251849243,0,25551,5793
5,0.231433231,0,25139,5355
8,0.250851029,0,24676,5685
5,0.271244136,0,24089,5709
21,0.272977309,0,21815,4600
30,0.240183278,0,20297,4451
21,0.242043423,0,19575,4645
45,0.235312435,0,19268,5010
21,0.238474324,0,22862,3727
30,0.223802792,0,22636,3708
21,0.236586566,0,22347,3552
45,0.266871304,0,22153,3580
21,0.245859151,0,58261,7788
30,0.235869789,0,58244,7934
21,0.241982202,0,57310,9120
45,0.231015683,0,56494,9146
21,0.306807058,2,37799,12728
30,0.310625615,2,37579,12547
21,0.292294897,2,37274,13339
45,0.306064417,2,36574,14591
21,0.242392022,0,27274,5128
30,0.236436111,0,27094,5130
21,0.245402663,0,26809,5242
45,0.246069746,0,26525,6238
21,0.223929125,0,33524,4457
30,0.222522929,0,33255,4365
21,0.250443344,0,32706,4262
45,0.238870258,0,32503,4436
2.2,0.45111674,1,21715,30867
1.6,0.440868126,1,21748,30866
0.4,0.451008184,1,21871,32934
4.2,0.4447157,1,22529,37178
1,0.276266832,0,22576,3734
1,0.297919195,0,22251,3803
0,0.25908352,0,22761,3994
12,0.296867363,0,22505,3888
1,0.28921591,0,21949,3838
1,0.294410625,0,21684,4299
0,0.312146033,0,21365,4728
12,0.3185995,4,21221,5301
1,0.293204809,2,18881,3293
1,0.298082074,2,18666,3182
0,0.306922572,2,18288,3760
12,0.320647419,4,18288,3779
1,0.285629236,0,21836,1880
1,0.283375605,0,21685,1933
0,0.279829212,0,21313,1761
12,0.277623464,0,21241,1892
3.666666667,0.2914186,2,19484,12526
2.333333333,0.29984464,2,19310,12492
5.333333333,0.66591029,2,18950,13127
16.66666667,0.389988861,2,27829,13183
0,0.377198662,1,18534,13520
0,0.368489442,1,18470,13134
0,0.378419702,1,18313,12385
0,0.367741584,1,18358,14300
1,0.316028175,0,39468,4984
18,0.298314307,0,39331,5139
8,0.306332691,0,38925,5286
34,0.350258851,0,38246,5313
1,0.325657298,0,16545,3170
18,0.321887112,0,16512,3671
8,0.317927512,0,16444,4176
34,0.348834348,0,16257,4360
1,0.312216723,0,19195,2019
18,0.28723845,0,19308,1911
8,0.305093582,0,19181,2033
34,0.320866245,0,19117,1998
34.5,0.25852589,0,29645,26298
37.5,0.260632534,0,29532,28387
52.5,0.267611951,0,28986,31628
52.5,0.277775847,0,28775,34695
0,0.332004858,2,84809,49427
0,0.061595794,2,84259,3478
0,0.278757829,2,19160,3243
0,0.261746015,2,19198,3524
31,0.447484204,2,30229,30622
34,0.574612809,0,38224,30202
40,0.31387929,0,47171,36069
43,0.27546505,0,47683,46803
16.5,0.381309367,2,23477,45417
31,0.378472222,2,23328,44373
34.5,0.438790206,2,22913,47268
21,0.400241989,2,23968,50256
0,0.336979196,2,17737,22350
0,0.34806347,2,17583,19922
0,0.359754686,2,17284,21577
0.666666667,0.372586426,2,17298,20951
2.833333333,0.295313332,0,22532,18182
3.333333333,0.291348713,0,22540,18234
1,0.296204917,2,22292,18189
0.333333333,0.321342708,2,22045,21050
4,0.237134266,0,34588,144894
0,0.226083413,0,34359,150020
1,0.235763065,0,34119,148392
8,0.242887823,0,33991,153182
63,0.515528288,2,36836,133384
84,0.51789786,2,36401,144308
245,0.552615622,2,36282,147358
277,0.579479411,2,36305,154595
63,0.404552864,0,34967,37603
84,0.392256326,0,34893,34579
245,0.426545455,0,35750,35014
277,0.391996236,0,36133,40726
0,0.316565871,0,48944,7421
0,0.325132844,0,49306,7428
4,0.311223976,0,49617,7452
0,0.351219611,0,49442,8037
10,0.372806803,2,20461,4543
19,0.352299106,2,20247,5242
5,0.359051916,2,20167,5315
21,0.369545362,2,19708,5874
9,0.290312286,1,43870,9556
15,0.288741325,1,43371,10258
9,0.295249239,1,42730,10384
7,0.304176591,1,42403,11422
2,0.291545816,2,18618,4257
2,0.321758486,2,17970,4964
2,0.314692176,3,16308,4876
8,0.348749681,3,15676,6603
8,0.237195122,0,42640,15540
16,0.246775177,0,42638,15145
3,0.272797836,0,42515,15418
7,0.270670642,0,42258,16307
0.222222222,0.366486899,4,20953,34074
0.444444444,0.445838302,4,20965,34547
0.333333333,0.468897638,2,20320,34416
0.666666667,0.44937166,2,20769,39367
1,0.272955449,2,28686,4122
1.5,0.268587896,2,27760,4537
1,0.284552548,2,27299,5027
2,0.249155901,2,27248,5366
4,0.271465164,0,39040,15708
0,0.266640857,0,38745,16645
12,0.285545459,0,38078,15858
9,0.301931594,0,37482,17071
23,0.317605112,2,21596,4540
54,0.292110279,2,21509,4353
45,0.350245575,2,21582,4665
16,0.346629111,2,22012,4783
11.33333333,0.245383505,0,40182,6233
25.66666667,0.251055419,0,40979,6306
23.33333333,0.320661598,0,44982,7549
12.66666667,0.234152821,0,45923,7377
5,0.231231378,0,20473,4111
9,0.233918992,0,20319,4286
13,0.232577707,0,20204,4272
18,0.228564295,0,20025,4491
7,0.388643906,2,21997,2565
2,0.456704645,2,22820,2720
6,0.30256605,2,23694,2865
18,0.332847654,2,23335,2815
1,0.308369294,0,17612,2162
0,0.286643638,0,17370,1926
0,0.312393888,0,17081,2141
12,0.296568627,3,16728,2371
1,0.298826202,3,13205,8455
0,0.293609279,3,13191,8254
0,0.526137429,3,13869,8608
3,0.581703781,2,16211,10617
0.833333333,0.313813581,2,19365,15858
0.833333333,0.304963806,0,19340,15534
1.833333333,0.365410709,0,19162,16683
8.333333333,0.37782837,0,21523,19599
4,0.26117818,3,17892,11464
0.5,0.253783536,3,17444,13485
4.5,0.282913165,3,17493,14846
4.5,0.278683801,3,17353,15296
2.5,0.310724379,0,13446,1662
2,0.293903272,2,13171,1600
1,0.297181373,0,13056,1730
2,0.319111452,0,13055,1763
0,0.242291372,2,14140,2783
0.5,0.254598117,2,13810,2934
0,0.257763285,2,13493,2982
0,0.256968968,2,13309,3132
19.5,0.29532181,2,33902,27469
5,0.304046588,2,33485,27882
7,0.314804086,2,32795,30562
9.5,0.33337361,2,33104,32090
8.5,0.276869533,0,21837,3511
1.5,0.314837934,0,21627,3478
0.5,0.317594966,3,21455,3703
0,0.309032258,4,21700,4027
6.5,0.285746567,0,39829,6050
6,0.289246231,0,39800,5940
8.5,0.431091399,0,39683,6245
26,0.311448367,0,45465,6689
0,0.393922867,2,12835,7383
1.75,0.381808279,2,12852,8110
0,0.419239106,2,13379,9556
0.25,0.445888399,2,13620,11433
0.2,0.273776662,0,15940,6786
0.2,0.24522733,0,15924,6812
0.6,0.272899438,0,15841,7589
0.6,0.280780972,0,15724,8176
4,0.285755419,0,24311,5054
4,0.271756838,0,23326,5506
25,0.269588543,0,23113,5203
13,0.295809116,0,22883,5453
4,0.216848924,0,31183,3651
4,0.220486909,0,30478,3592
25,0.224226718,0,30099,3753
13,0.22798951,0,29361,3439
4,0.243558299,0,36287,3549
4,0.247399744,0,35958,3746
25,0.239484857,0,35330,3700
13,0.248161607,0,34949,3588
6,0.253174468,0,29375,5165
7,0.23354312,0,29395,4899
12,0.249543182,0,29005,5280
15,0.244147737,0,28835,5645
3,0.300606226,0,21939,7627
3.5,0.285675032,0,21836,8745
6,0.295509259,0,21600,7511
7.5,0.300915811,0,21511,8399
7,0.286898174,2,37407,7599
12,0.285118631,2,37174,7535
14,0.302558519,2,36740,7260
20,0.299325075,2,36893,7623
1.6,0.385907606,4,2143,27060
1.2,0.322705314,4,2070,27740
7.5,0.3515,4,2000,30488
2.6,0.400418191,4,1913,30478
0,0.294417682,0,17645,1018
0,0.281510684,0,17502,1024
3,0.287449393,0,17290,1134
1,0.294394423,0,17215,1008
2,0.319267245,0,32371,7517
8,0.320240941,0,32207,7074
4,0.312213207,0,32907,7436
16,0.324778546,0,32964,7550
2,0.53983107,0,24152,2180
8,0.315075678,0,26692,2214
4,0.380446666,0,25612,2147
16,0.339531543,0,25061,2065
2,0.33433984,0,27819,4906
8,0.325937589,0,27944,5272
4,0.338545571,3,28011,4992
16,0.340419368,3,27613,4834
3,0.313483179,1,34391,6039
6,0.305705187,1,33601,5316
0,0.294709717,1,32985,5870
2,0.310452757,1,32269,6688
3,0.25283911,0,23687,2126
6,0.242478252,0,23565,2183
0,0.252994854,0,23123,2090
2,0.266996888,0,22813,1986
67,0.243201407,0,28425,3553
199,0.221223276,0,28252,3486
61,0.234859042,0,27987,3551
89,0.269045495,0,28025,4069
67,0.206385405,2,10524,813
199,0.25595584,2,10326,876
61,0.299208655,2,9983,647
89,0.319388906,2,9753,823
2,0.288620656,2,10273,7153
4,0.2840794,2,9874,7121
5,0.302148519,2,9588,7540
6,0.296300211,2,9460,8014
2,0.280104712,2,11842,2046
4,0.28154528,2,11959,2215
5,0.275569867,2,11801,2848
6,0.289923704,2,11403,3340
3.333333333,0.360489008,1,9734,13368
1.333333333,0.360382112,1,9526,13777
0.666666667,0.698680739,1,9475,14597
1,0.351857801,1,9339,18241
0,0.270557029,0,33930,5956
0,0.274432204,0,33859,5792
0,0.28630841,4,33663,6047
0,0.277533563,4,33668,5463
7,0.345361537,2,28932,4316
12,0.352055224,2,28683,4406
14,0.356687898,2,28574,4425
20,0.367620056,2,28320,4637
1,0.276069413,0,18959,4248
4.5,0.256434801,0,18804,5454
4.5,0.279470708,4,18213,5578
2,0.291139949,4,17878,6527
40.33333333,0.267399267,0,19383,5505
42.66666667,0.262956758,0,19102,5064
45.66666667,0.278765301,0,18790,5397
81.66666667,0.344814431,0,18349,8585
1,0.255862808,0,23325,8005
4.5,0.251804469,0,23137,8073
4.5,0.372828838,0,22914,8417
2,0.283522772,0,25162,8164
20,0.300795795,2,27394,8742
10,0.304875231,2,25968,8364
9,0.333717099,2,25189,6772
59,0.355627062,2,24551,9053
20,0.280277995,0,29353,7671
10,0.270599219,0,28921,7311
9,0.290016458,0,28557,7178
59,0.299030153,0,28355,7978
20,0.279506173,0,32400,6130
10,0.253947083,0,32239,6244
9,0.256608275,0,31854,6077
59,0.280920361,0,31379,5908
20,0.257586498,2,29625,6816
10,0.254100919,2,28835,6948
9,0.253896766,4,28421,6758
59,0.255731922,4,28350,7067
8,0.36317005,0,37236,3534
6,0.307772912,0,37219,3661
18,0.29408292,0,37265,3907
68,0.290783784,0,37000,4040
8,0.298625484,0,37686,8329
6,0.281455011,0,37498,8056
18,0.265727146,0,37324,9326
68,0.280857473,0,37179,9869
11,0.32338951,0,31745,1890
6,0.289571724,0,31405,1727
15,0.286339112,0,31323,1858
54,0.273558687,0,30944,1863
11,0.274867166,0,17503,26355
6,0.304778353,0,17370,23128
15,0.265559013,0,17996,31733
54,0.285315154,0,17896,39591
8,0.199907749,0,10840,970
6,0.208709407,0,10747,976
18,0.205640201,0,10567,961
68,0.206050773,0,10478,1100
8,0.378487202,2,31293,17312
6,0.356720498,2,31456,17039
18,0.369474055,2,31239,16789
68,0.370993745,2,31014,19062
9,0.312459859,0,37368,15673
16,0.318019791,0,35067,13886
8,0.295577162,0,34661,16048
49,0.313463545,0,34508,18318
21,0.272269569,2,38135,21258
13,0.27497509,2,38138,20752
43,0.295353076,2,37853,21072
18,0.327984459,2,37578,21265
21,0.271961456,0,33001,11085
13,0.282028713,0,32947,10088
43,0.304188322,0,32710,10658
18,0.331991766,0,32549,10951
1,0.252746432,0,26762,2660
1,0.239772337,0,26179,2838
9,0.257306226,3,25184,2740
9,0.266597725,3,24175,2734
1,0.260167131,0,23335,5127
1,0.250549064,0,22766,5078
9,0.257210445,3,21982,4920
9,0.273366128,4,21345,4952
1,0.26345074,0,19590,4548
1,0.253264658,0,19221,4452
9,0.279158392,3,18631,4335
9,0.403668091,4,16848,3880
10,0.337757876,0,37518,10267
45,0.380600585,0,37630,9945
43.5,0.396833034,0,45722,11576
40.5,0.244255786,0,47352,11991
0,0.379003559,1,6182,8835
0.666666667,0.336150534,1,6271,9297
0,0.356524477,1,6353,8026
0,0.358305648,1,6020,9553
2,0.253995105,4,27784,7911
6,0.492296378,4,27195,7761
0,0.284224486,4,33178,7903
12,0.303885596,4,31887,8614
2,0.242268278,0,21761,4213
6,0.281654577,0,21782,4362
0,0.257107082,0,21563,4459
12,0.266913418,0,21344,4819
1,0.291167057,0,20933,1938
6,0.298547475,0,20516,1937
4,0.30559,0,20161,1940
10,0.322485059,0,19911,2012
3,0.288987316,0,24835,2535
3.5,0.276591426,0,24632,2832
12,0.293785545,0,24089,2987
8,0.336223426,0,23990,2991
1,0.285032607,0,18861,4427
6,0.276358344,1,18552,4343
4,0.295876064,1,18332,4398
10,0.308326874,1,18062,4366
1,0.275147199,0,28363,3856
6,0.263968215,0,28189,3870
4,0.265206986,0,27997,3917
10,0.263856418,0,27803,3996
13,0.28995733,1,29763,11201
15,0.283206055,2,29332,11249
3,0.284744824,4,28882,12105
4,0.301464999,4,28942,12227
30,0.368923029,2,19397,6979
20,0.348886108,2,19975,7225
17,0.347772582,2,20315,6668
22,0.36957694,2,20399,7075
2.827586207,0.369739696,4,9220,92396
3.655172414,0.386871979,4,8897,97700
4.137931034,0.438198404,4,8770,102493
5.24137931,0.424432263,4,8939,110407
4.4,0.32101227,3,6520,24594
2.8,0.308478842,3,6357,24602
4,0.307220158,3,6191,24793
1.6,0.366349411,4,6199,25723
1,0.250466864,0,43910,7316
1,0.248950347,0,43824,7550
5,0.253040471,0,43661,7260
14,0.253517883,0,43421,7243
21,0.257202519,0,30649,3728
12,0.264595258,0,30575,4012
26,0.265263158,0,30400,4169
15,0.270248703,0,30076,4171
21,0.229317307,0,42596,5049
12,0.215028792,0,42199,4835
26,0.22875018,0,41718,5277
15,0.224092853,0,40925,5351
10.5,0.266007922,0,22973,3618
6,0.264411582,0,22586,3711
13,0.318108035,0,22178,3605
7.5,0.270235958,0,22843,3850
21,0.224651957,0,30456,4561
12,0.233111609,0,29917,5241
26,0.239928228,0,29538,4974
15,0.258191895,0,28870,5330
7,0.32785477,2,17462,6112
3,0.33748985,2,17242,6943
7,0.339905269,2,16890,7185
5,0.37182114,2,16594,6630
7,0.315330037,0,23255,6034
3,0.331181407,2,23235,5699
7,0.34524016,2,23068,6100
5,0.360851667,2,22591,7315
7,0.314733998,0,19248,4205
3,0.321909936,3,19142,4778
7,0.323692636,3,18740,4649
5,0.362317271,4,18470,4807
7,0.287975666,0,32218,4804
3,0.301445051,0,32248,4959
7,0.306028546,0,31948,4769
5,0.310253915,0,31861,4786
0.25,0.495117036,3,12902,8674
1.25,0.387304852,2,10697,8292
0.25,0.346536665,2,9846,7906
0.25,0.369327911,4,9344,7419
7,0.418421224,2,15341,4363
12,0.404260881,1,15302,4681
14,0.427244177,1,15284,5445
20,0.423537794,1,15439,6107
1,0.295717199,0,22065,4125
8,0.298697113,0,21721,3655
5,0.310114459,0,21405,3820
4,0.343897601,4,21172,3483
1,0.279569551,4,31502,7560
8,0.294773474,4,31034,6673
5,0.280188273,4,30169,7197
4,0.313739425,4,29550,6769
0,0.28616704,0,21456,3917
0,0.261466591,0,21192,3825
2,0.274277135,0,20647,4036
1,0.294287958,0,20378,4256
0,0.303078977,0,47938,4228
1,0.254904271,0,50925,5234
0,0.248062464,0,51870,5712
8,0.245230269,0,52938,6463
42,0.259212992,0,28818,3207
27,0.268738701,0,28764,3390
24,0.269549347,0,28492,3564
116,0.271726782,0,28168,3672
42,0.276928858,0,31936,4135
27,0.285525154,0,31724,4447
24,0.270205719,0,31402,4513
116,0.284403375,0,31167,4278
42,0.305969684,0,16031,1886
27,0.290439116,0,16055,1939
24,0.291765885,0,15958,2122
116,0.304421769,3,15876,2027
42,0.244400761,0,31031,6659
27,0.225249773,0,30828,6738
24,0.238236929,0,30583,6835
116,0.241338152,0,30161,7590
42,0.266519589,0,28103,6557
27,0.264801982,0,27851,6654
24,0.262609886,0,27756,6655
116,0.278018349,0,27250,7136
4,0.262067284,4,8204,5799
3,0.281730896,4,7603,6408
14,0.273817827,4,7169,6418
16,0.263598921,4,7041,7073
4,0.223789992,3,12190,2055
3,0.203989273,3,11932,2331
14,0.195640893,3,11562,2313
16,0.201119304,3,11257,2155
4,0.262507289,0,8575,728
3,0.266548253,0,8445,794
14,0.275106512,0,8215,823
16,0.302871411,4,8010,808
0.4,0.308650384,0,20554,2488
0,0.301745878,0,20620,2475
0.2,0.304865501,0,20409,2577
1.2,0.303408023,0,20217,2826
8,0.326363692,2,32522,5296
18,0.306165461,2,31790,5102
18,0.311955407,4,31216,5121
31,0.369431971,4,30509,5431
8,0.31706305,2,38557,13651
18,0.305176544,2,38404,14008
18,0.300100465,2,37824,14302
31,0.35604372,2,37237,14534
8,0.343881934,2,27239,6456
18,0.314264487,2,26920,6171
18,0.33410339,2,26405,7352
31,0.390618402,2,26051,7550
0,0.332004858,2,84809,49427
0,0.050273561,2,84259,3274
0,0.282630842,0,15706,4236
0,0.290430315,3,15570,4296
165,0.340670367,0,31893,37003
129,0.323139301,0,31816,36500
133,0.340157932,0,31406,38369
171,0.338511595,0,31349,43578
1,0.238324469,4,25759,8070
0,0.240814398,4,25393,8301
0,0.247604091,4,24834,8159
6,0.248885617,4,24453,8561
7,0.426735739,1,34553,11677
12,0.39595568,1,34567,12463
14,0.401857263,1,34567,11363
20,0.458025776,1,34140,12196
7,0.312517724,2,17631,998
12,0.293456747,2,17178,1059
14,0.302342171,2,16822,1016
20,0.311330224,2,16937,1187
2.1,0.305448864,0,15361,5234
2.8,0.308072162,0,15188,5625
1.3,0.290071162,0,14755,6658
1.8,0.292977195,0,14339,6275
0,0.34574099,2,24501,9725
0,0.320005024,2,23884,10019
0,0.32012169,2,23338,9402
0,0.332167221,1,22868,9173
244.2,0.320533358,3,21224,20424
326,0.280793817,3,20962,21801
400.8,0.287772947,3,20471,21367
425.4,0.301809839,4,19615,24280
5,0.260297198,0,20054,2499
19,0.257599514,0,19771,2635
10.5,0.264674547,0,19711,3020
11.5,0.282825188,0,19581,3059
4,0.264367816,2,20445,2320
2,0.250915292,2,19939,2501
3,0.245860927,4,19328,2858
12,0.262383006,4,19018,2774
4,0.282544277,0,29022,14637
2,0.277864937,0,28683,14873
3,0.276886743,0,28369,14741
12,0.306190442,0,27914,15800
0.090909091,0.333653292,4,5209,24463
0.090909091,0.332384052,4,4916,21901
0,0.360146999,4,4898,24459
0.090909091,0.324693042,4,5131,26810
5,0.251744186,0,30960,6891
7,0.258385778,0,30826,6791
3,0.268409959,0,30364,6964
4,0.2560894,0,29888,7550
5,0.23505028,0,26054,1169
7,0.238577112,0,25891,1064
3,0.237990408,0,25438,1038
4,0.236631546,0,25246,1240
0.2,0.351901187,2,16516,33316
0,0.338728254,2,16497,33136
0.2,0.329479769,2,16262,34743
0.8,0.342851935,4,16459,36080
36,0.312858783,2,26130,15694
66,0.291144232,2,25362,15937
51,0.299363567,2,24983,16401
106,0.287512179,2,24632,16855
17,0.374394529,2,21058,8490
13,0.384758002,2,20496,9941
6,0.374760525,2,20357,10375
22,0.438134905,2,19688,14565
3,0.290163665,2,18269,8227
3,0.292662728,2,18113,8526
2,0.393623613,2,17753,8618
9,0.324892871,3,15402,8665
3,0.250046134,0,27095,1872
3,0.248581705,0,26969,2107
2,0.251701704,0,26591,1996
9,0.266810786,0,26367,1917
7,0.404566629,1,30482,4895
12,0.406732856,1,30418,5161
14,0.443793677,2,30050,5896
20,0.431264909,1,30603,5866
0.833333333,0.577160971,1,12934,9144
2.5,0.335201454,1,19806,8753
0.5,0.174740572,1,19755,9294
1.166666667,0.328101419,1,19878,9667
2,0.22453738,0,27020,2315
4,0.217592071,0,26637,2398
18,0.225203532,0,26163,2441
23,0.261808104,3,25618,2325
2,0.296734049,0,30374,5853
4,0.308439084,0,30181,5636
18,0.286722512,0,30322,5947
23,0.31329238,0,30604,5819
22,0.284244396,0,28282,4145
44,0.290323742,0,27769,4016
33,0.270120293,0,26851,4276
25,0.340033306,3,25821,4442
22,0.280459203,0,16202,1623
44,0.271913794,0,15869,1666
33,0.265457543,0,15769,1652
25,0.2966686,0,15519,1712
22,0.264571817,0,20622,3835
44,0.279771575,3,20313,3848
33,0.266749751,3,20060,3978
25,0.281562171,3,19921,4073
4,0.328310789,2,52563,8280
9,0.34288547,2,52449,8395
14,0.342431668,2,53050,9639
46,0.37104508,2,52972,10087
4,0.332770596,0,20732,2388
9,0.321067647,2,20681,2340
14,0.347760246,2,20471,2471
46,0.359711875,2,20269,2432
4,0.30547231,0,24359,4492
9,0.307698658,4,24225,3975
14,0.319657908,4,24204,4424
46,0.310679612,4,23690,4914
4,0.294105038,2,23325,3891
9,0.294501675,2,23589,3549
14,0.302506372,2,23540,3648
46,0.311076804,2,23319,3745
4,0.329452299,0,25251,10913
9,0.339307188,2,25779,11125
14,0.347136936,2,26056,11365
46,0.358302412,2,25872,11841
4,0.332710683,2,27838,3127
9,0.324458516,2,27794,3156
14,0.316392679,2,27921,3005
46,0.339822045,2,27535,3380
4,0.342060376,2,36935,3881
9,0.331403022,2,37127,3954
14,0.341211861,2,37232,4023
46,0.348865157,2,36613,4070
4,0.42283976,1,24326,14551
0,0.430917515,1,24174,14197
12,0.440217391,1,24288,14547
7,0.451753127,1,24385,14521
15,0.32246729,2,13375,5951
5,0.295177045,2,13104,5702
7,0.378821377,2,13117,6233
57,0.366363636,2,13200,7077
4,0.371529689,1,12715,9677
0,0.379451623,1,12692,10029
0,0.359506712,1,12812,9582
1,0.364962922,1,12541,10333
0.2,0.336247174,4,6635,50265
0.7,0.303509038,4,6583,47252
0.3,0.287452471,4,6575,47248
0.2,0.323060245,4,6457,53872
1,0.330843394,0,11513,2577
1,0.314144882,0,11361,2603
2,0.315429173,0,11394,2485
0,0.384697509,0,11240,2582
2,0.281952162,0,20695,5240
2,0.274631992,0,20380,5239
27,0.278608713,0,19924,4624
3,0.272547529,3,19725,5134
0,0.356255178,1,18105,4039
3,0.328940671,1,17681,3869
1,0.34717243,1,17294,4061
4,0.405872717,1,16483,4584
0,0.326403168,0,26262,4409
3,0.294989041,0,26462,4462
1,0.30709841,0,26034,4772
4,0.314867222,0,25795,5308
11,0.302864509,2,34910,9261
15,0.311279883,2,38316,9671
5,0.251211818,2,38991,9540
4,0.30129749,2,38613,9421
