서울특별시 종로구  사직동,37.5761637,126.9688063
서울특별시 종로구  적선동,37.5745573,126.9739195
서울특별시 종로구  내수동,37.5733392,126.97195
서울특별시 종로구  종로1가,37.5701623,126.9802978
서울특별시 종로구  운니동,37.5763581,126.9880684
서울특별시 종로구  견지동,37.5730089,126.9830431
서울특별시 종로구  경운동,37.57452869999999,126.9866772
서울특별시 중구  의주로1가,37.564763,126.9681904
서울특별시 종로구  관철동,37.5689971,126.9856706
서울특별시 중구  황학동,37.5674517,127.0214099
서울특별시 종로구  숭인동,37.5747055,127.0186416
서울특별시 중구  을지로2가,37.5658904,126.9850802
서울특별시 종로구  인사동,37.5716555,126.9862326
서울특별시 중구  광희동1가,37.5647643,127.0058331
서울특별시 중구  을지로5가,37.5664267,127.0025169
서울특별시 종로구  부암동,37.5962608,126.9676991
서울특별시 종로구  충신동,37.575009,127.0059911
서울특별시 종로구  평창동,37.6053351,126.9668582
서울특별시 중구  을지로6가,37.5675139,127.0065887
서울특별시 중구  중림동,37.55475819999999,126.9644988
서울특별시 중구  충무로5가,37.5633775,127.0003222
강원도 동해시  천곡동,37.5228305,129.1160694
경상북도 칠곡군 왜관읍 석전리,35.9997565,128.4079162
경기도 포천시 소흘읍 송우리,37.8321286,127.1389957
부산광역시 서구  토성동4가,35.0975491,129.0232236
부산광역시 남구  용호동,35.1155121,129.115598
인천광역시 중구  항동7가,37.4527683,126.6054053
광주광역시 동구  충장로4가,35.1494758,126.9134309
서울특별시 마포구  대흥동,37.5498977,126.9427769
전라남도 목포시  동명동,34.7909146,126.3919588
강원도 평창군 대관령면 횡계리,37.7031357,128.7209909
부산광역시 강서구  신호동,35.09025,128.8807923
서울특별시 도봉구  도봉동,37.6837277,127.0318174
전라북도 전주시 완산구  중동,35.8329444,127.0621134
충청북도 청주시 서원구  사창동,36.6350979,127.458696
전라남도 여수시  선원동,34.7747246,127.6559784
경기도 과천시  별양동,37.4274378,126.9957745
경기도 시흥시  거모동,37.3554527,126.7745238
제주특별자치도 서귀포시  서홍동,33.2639577,126.5507293
서울특별시 도봉구  쌍문동,37.6522545,127.0304855
경상북도 울진군 울진읍 읍내리,36.9908116,129.3978455
서울특별시 성북구  보문동2가,37.5855919,127.0182645
경기도 의정부시  녹양동,37.7600403,127.0322644
서울특별시 은평구  신사동,37.5953803,126.9075953
인천광역시 남동구  논현동,37.4075188,126.7056
제주특별자치도 서귀포시 표선면 표선리,33.3225332,126.8228665
서울특별시 영등포구  문래동3가,37.5176033,126.895289
제주특별자치도 제주시  오라이동,33.4189867,126.5196085
서울특별시 동대문구  답십리동,37.5696589,127.0576058
광주광역시 광산구  송정동,35.1360034,126.8036528
대구광역시 달성군 다사읍 죽곡리,35.8500337,128.4642154
울산광역시 동구  화정동,35.5011199,129.415512
경기도 수원시 장안구  송죽동,37.300401,127.0070848
경상남도 창원시 진해구  마천동,35.1363121,128.7916704
서울특별시 동대문구  제기동,37.5833567,127.0367969
경기도 이천시  관고동,37.282633,127.4404883
경기도 화성시 봉담읍 동화리,37.2230977,126.9644909
경기도 남양주시 별내면 청학리,37.7004203,127.1032686
인천광역시 서구  가좌동,37.4863961,126.678725
충청남도 천안시 동남구  다가동,36.7991908,127.1398942
경기도 수원시 영통구  매탄동,37.2635576,127.047265
제주특별자치도 서귀포시  중문동,33.2514303,126.4348243
경기도 양주시 남면 신산리,37.89990969999999,126.9768593
부산광역시 수영구  망미동,35.1713377,129.1002572
서울특별시 중구  을지로3가,37.5661262,126.9916862
서울특별시 송파구  가락동,37.4952783,127.1157128
강원도 철원군 서면 와수리,38.2364728,127.4365002
서울특별시 중랑구  면목동,37.5811454,127.0883961
경기도 용인시 기흥구  언남동,37.2955753,127.1277974
서울특별시 종로구  돈의동,37.571887,126.990924
경기도 시흥시  신천동,37.4383253,126.7849916
전라남도 목포시  상동,34.8053234,126.4200979
대전광역시 유성구  덕명동,36.3515223,127.2927529
경기도 용인시 처인구 모현읍 동림리,37.3378263,127.1913323
경상북도 경산시 하양읍 금락리,35.9108101,128.8107393
광주광역시 광산구  우산동,35.1578229,126.8094383
제주특별자치도 서귀포시  대포동,33.2435151,126.4352216
전라북도 군산시  미룡동,35.9483234,126.6862517
경기도 안성시 대덕면 내리,37.0048283,127.2229767
경상남도 통영시  도천동,34.8420817,128.3970483
충청북도 청주시 상당구  용암동,36.619952,127.5257839
경상북도 문경시  모전동,36.5908391,128.1873165
서울특별시 양천구  신정동,37.5166014,126.8638714
부산광역시 서구  부민동2가,35.1036604,129.0193724
전라남도 화순군 화순읍 광덕리,35.0576218,126.9882892
경상북도 경주시  석장동,35.8606521,129.1882479
서울특별시 마포구  아현동,37.5541171,126.9569379
경기도 수원시 권선구  세류동,37.2536538,127.0101331
경상남도 진주시  상봉동,35.2027966,128.072548
부산광역시 기장군 기장읍 대라리,35.2360713,129.1997767
울산광역시 남구  달동,35.5363506,129.3164702
제주특별자치도 제주시  외도일동,33.4830283,126.4290554
경기도 용인시 처인구  역북동,37.2455654,127.1885461
서울특별시 광진구  군자동,37.5530066,127.0736292
경상남도 창원시 의창구  팔용동,35.2475336,128.6208175
경상북도 예천군 호명면 금능리,36.5708293,128.4624082
대전광역시 서구  월평동,36.3456053,127.3561896
전라남도 무안군 삼향읍 남악리,34.8166854,126.4727149
전라남도 순천시  석현동,34.9849725,127.4568982
제주특별자치도 제주시  건입동,33.5170777,126.5445896
경상남도 창원시 성산구  반지동,35.2419399,128.662347
서울특별시 동대문구  신설동,37.5748653,127.0254662
서울특별시 성동구  마장동,37.5662583,127.0453796
부산광역시 중구  부평동3가,35.101749,129.0245163
인천광역시 서구  마전동,37.6045958,126.6677202
인천광역시 서구  석남동,37.5034615,126.6638692
경기도 이천시  송정동,37.2966253,127.4390721
경상남도 창원시 마산회원구  합성동,35.250683,128.5742307
충청남도 천안시 동남구  용곡동,36.7877412,127.1390916
경기도 이천시  창전동,37.282911,127.4410432
경상북도 구미시  사곡동,36.0991574,128.3539163
경상북도 경주시 감포읍 감포리,35.81266859999999,129.4933875
서울특별시 서대문구  합동,37.5617452,126.9662947
경기도 용인시 처인구  김량장동,37.2369553,127.2037485
서울특별시 강동구  성내동,37.5302922,127.1287651
경상남도 거제시  능포동,34.8757495,128.734828
경기도 화성시 마도면 쌍송리,37.1853505,126.7839683
전라남도 해남군 해남읍 해리,34.5798469,126.6150168
서울특별시 중랑구  신내동,37.6103313,127.0960772
인천광역시 동구  송림동,37.4775869,126.6492536
인천광역시 계양구  작전동,37.5306551,126.7307527
서울특별시 동대문구  장안동,37.570627,127.0706515
광주광역시 북구  운암동,35.1798745,126.8781483
제주특별자치도 제주시  삼도일동,33.5013499,126.519915
전라북도 군산시  소룡동,35.9742779,126.6792641
서울특별시 성북구  삼선동5가,37.5885021,127.0155886
경상북도 김천시  평화동,36.127278,128.1114693
서울특별시 강남구  대치동,37.4994914,127.0610527
부산광역시 중구  영주동,35.1120664,129.0315782
서울특별시 용산구  문배동,37.5370133,126.9696862
경기도 수원시 팔달구  중동,37.2738711,127.016434
부산광역시 동래구  낙민동,35.1969631,129.0926192
경기도 남양주시 와부읍 덕소리,37.5916506,127.2159169
제주특별자치도 제주시 조천읍 함덕리,33.5314072,126.6663647
경상남도 창원시 마산합포구  대창동,35.1863418,128.5542527
경상남도 창원시 의창구 동읍 용잠리,35.2775134,128.6824391
울산광역시 울주군 온양읍 대안리,35.4039363,129.2786482
서울특별시 동대문구  이문동,37.6004162,127.0655265
경기도 동두천시  생연동,37.9043648,127.0629932
경상북도 경주시 감포읍 오류리,35.835306,129.486384
서울특별시 중구  흥인동,37.5674439,127.0167756
광주광역시 북구  각화동,35.1837867,126.9418069
충청남도 서산시  읍내동,36.7840211,126.4474772
서울특별시 광진구  화양동,37.5435547,127.073456
충청북도 청주시 청원구  우암동,36.6515656,127.4866987
대구광역시 달서구  상인동,35.8143995,128.5507763
경상북도 상주시  서문동,36.4176676,128.1569871
경기도 수원시 장안구  율전동,37.3026223,126.968984
서울특별시 영등포구  양평동4가,37.5361297,126.8960904
경상남도 창녕군 남지읍 마산리,35.4025098,128.4693445
강원도 원주시  일산동,37.348312,127.9437768
경기도 성남시 중원구  하대원동,37.42893249999999,127.1487831
경상북도 경주시  시래동,35.7701049,129.2975057
경기도 시흥시  월곶동,37.3847999,126.7579922
서울특별시 노원구  상계동,37.67480279999999,127.0730618
서울특별시 강서구  등촌동,37.558653,126.8532512
경기도 김포시  운양동,37.6593368,126.6832269
경상남도 창원시 성산구  안민동,35.17862909999999,128.6859461
광주광역시 동구  지산동,35.1483152,126.9441243
광주광역시 북구  유동,35.1591873,126.9049509
경기도 동두천시  동두천동,37.9318281,127.0550888
부산광역시 금정구  금사동,35.2203002,129.1111092
경기도 안산시 상록구  사동,37.291873,126.8387065
부산광역시 기장군 장안읍 좌천리,35.3149957,129.2394592
광주광역시 남구  진월동,35.1156196,126.8992257
경기도 용인시 기흥구  서천동,37.2397806,127.0738117
경상남도 김해시  어방동,35.2426033,128.9010575
서울특별시 영등포구  영등포동4가,37.5175989,126.9037763
부산광역시 사상구  모라동,35.1841406,128.9995033
대구광역시 중구  하서동,35.8702167,128.5880428
부산광역시 북구  구포동,35.1996619,129.0070377
충청남도 천안시 동남구  신부동,36.824764,127.1633901
인천광역시 연수구  연수동,37.421345,126.6831881
경상북도 포항시 남구  해도동,36.0160167,129.3707014
경기도 안산시 상록구  이동,37.3052039,126.8608219
광주광역시 동구  대인동,35.1538757,126.9153168
경기도 김포시 양촌읍 양곡리,37.6607127,126.6293649
경기도 화성시  능동,37.2076938,127.0576142
서울특별시 송파구  거여동,37.4900434,127.1462058
경상남도 창원시 마산회원구 내서읍 상곡리,35.2481736,128.495521
부산광역시 부산진구  범천동,35.1486628,129.051551
대구광역시 달서구  호산동,35.8503514,128.4835776
부산광역시 해운대구  중동,35.1613372,129.1821065
경상남도 김해시  삼계동,35.2737252,128.8675093
인천광역시 중구  신흥동3가,37.4370836,126.6263291
경상남도 김해시 진례면 송정리,35.2430269,128.7379845
경기도 성남시 수정구  태평동,37.445517,127.1315307
부산광역시 서구  부용동2가,35.1068682,129.0181253
전라남도 목포시  남교동,34.7937951,126.3817256
경상남도 김해시  서상동,35.2344771,128.8799873
부산광역시 서구  토성동1가,35.0992229,129.0234398
전라북도 전주시 완산구  서신동,35.8308866,127.1150031
충청북도 증평군 증평읍 대동리,36.7827264,127.5834883
경기도 남양주시  다산동,37.5997274,127.1574827
울산광역시 동구  방어동,35.4862466,129.4240176
경기도 성남시 중원구  성남동,37.4340286,127.1388351
충청남도 아산시  온천동,36.7881586,127.0009043
충청북도 청주시 청원구 오창읍 각리,36.7050179,127.4208668
광주광역시 광산구  장덕동,35.19160790000001,126.8088137
제주특별자치도 제주시  삼양이동,33.5209896,126.5838194
대구광역시 북구  칠성동2가,35.878995,128.5953031
부산광역시 동래구  온천동,35.2131199,129.0656075
제주특별자치도 서귀포시 대정읍 하모리,33.226464,126.2528301
경상남도 창원시 마산합포구  월포동,35.1908044,128.5664224
인천광역시 중구  신흥동2가,37.4675463,126.6349782
전라북도 익산시  어양동,35.9517411,126.9849761
서울특별시 동대문구  용두동,37.5757009,127.034989
서울특별시 용산구  한강로2가,37.5316834,126.9696924
경기도 수원시 팔달구  인계동,37.2714577,127.0281553
서울특별시 마포구  신공덕동,37.54459170000001,126.9557029
부산광역시 강서구  녹산동,35.1266126,128.8586633
경기도 의정부시  호원동,37.7129836,127.0331721
경기도 하남시  덕풍동,37.5461477,127.2023877
경기도 수원시 팔달구  매산로1가,37.2673712,127.0007458
서울특별시 종로구  원남동,37.57554349999999,126.9974476
서울특별시 강남구  도곡동,37.4898434,127.0438136
경상남도 창원시 마산합포구  동성동,35.2042408,128.5789295
서울특별시 중구  신당동,37.5615738,127.0194523
경상남도 진주시  평거동,35.1738147,128.0654304
대전광역시 동구  용운동,36.328055,127.4614568
대구광역시 달서구  감삼동,35.8493743,128.54275
경상남도 창원시 마산회원구 내서읍 중리,35.2461959,128.5194495
서울특별시 용산구  원효로2가,37.53600369999999,126.9628655
경기도 안산시 단원구  원시동,37.3083772,126.7861432
경상북도 포항시 북구  대흥동,36.0375925,129.3613719
강원도 평창군 봉평면 무이리,37.6022826,128.317089
부산광역시 사하구  당리동,35.1028676,128.976597
경상남도 함양군 함양읍 운림리,35.5198613,127.7245004
전라북도 전주시 덕진구  우아동2가,35.8308735,127.1717412
인천광역시 연수구  송도동,37.3839118,126.6438546
부산광역시 금정구  청룡동,35.28321,129.0661705
서울특별시 구로구  오류동,37.4901258,126.8385254
서울특별시 성북구  성북동1가,37.5893957,127.0038114
경기도 광명시  하안동,37.4587087,126.8694939
충청북도 청주시 청원구 오창읍 창리,36.73858269999999,127.4532986
경기도 포천시 가산면 마산리,37.8465541,127.1840418
경상북도 상주시  서성동,36.4178028,128.1609706
부산광역시 기장군 기장읍 동부리,35.2496955,129.2211222
부산광역시 남구  대연동,35.1414268,129.0932454
전라남도 장성군 장성읍 유탕리,35.3100937,126.8395173
경기도 성남시 수정구  창곡동,37.4669249,127.1495165
경기도 파주시 문산읍 내포리,37.8445511,126.7645146
경기도 수원시 장안구  영화동,37.2930971,127.0140844
경기도 용인시 처인구 포곡읍 둔전리,37.2725095,127.2217843
강원도 삼척시  남양동,37.4345718,129.1645431
제주특별자치도 제주시 한림읍 수원리,33.4311383,126.2692321
부산광역시 영도구  봉래동1가,35.0942342,129.040422
인천광역시 서구  심곡동,37.5419307,126.6792579
경기도 수원시 영통구  원천동,37.2736002,127.0571367
충청북도 청주시 흥덕구  강서동,36.6163816,127.4215659
충청남도 보령시  대천동,36.3549796,126.5784463
경상남도 진주시 정촌면 예하리,35.1205292,128.1002615
서울특별시 마포구  연남동,37.5644783,126.9220027
대구광역시 중구  태평로3가,35.8766017,128.5874502
대구광역시 북구  산격동,35.9009525,128.6050886
서울특별시 구로구  천왕동,37.4803813,126.8415075
인천광역시 중구  전동,37.4771504,126.6260856
경기도 수원시 팔달구  교동,37.2719622,127.0134416
전라북도 전주시 완산구  고사동,35.8202621,127.143044
서울특별시 강남구  자곡동,37.474172,127.0950243
대구광역시 동구  각산동,35.885859,128.7172742
인천광역시 연수구  옥련동,37.4232577,126.6479221
울산광역시 북구  상안동,35.6195816,129.3348042
경상남도 창원시 마산회원구  양덕동,35.2287727,128.5842031
서울특별시 강동구  둔촌동,37.5272032,127.144105
서울특별시 강남구  청담동,37.5231998,127.0486655
서울특별시 영등포구  당산동3가,37.5255183,126.8972369
대전광역시 중구  유천동,36.3169028,127.3966336
대전광역시 유성구  도룡동,36.377605,127.3876979
인천광역시 부평구  부평동,37.4931159,126.7243065
부산광역시 중구  부평동4가,35.1023887,129.0228196
경기도 화성시 우정읍 조암리,37.0859607,126.8124429
전라남도 광양시 광양읍 칠성리,34.972199,127.578198
울산광역시 동구  일산동,35.5030329,129.4337788
서울특별시 영등포구  문래동6가,37.5191463,126.8858554
경상북도 구미시  봉곡동,36.1544291,128.3102849
경기도 광명시  철산동,37.47934619999999,126.8719535
서울특별시 영등포구  양평동3가,37.5289951,126.8924107
대구광역시 남구  대명동,35.840491,128.5768732
경상남도 양산시  남부동,35.3315305,129.0286242
경기도 화성시 남양읍 남양리,37.1994932,126.8311887
부산광역시 수영구  광안동,35.1595722,129.1088482
경기도 성남시 분당구  삼평동,37.4001118,127.0991258
서울특별시 강북구  미아동,37.6268335,127.0269077
경기도 용인시 수지구  풍덕천동,37.3241541,127.0932899
경기도 고양시 일산서구  대화동,37.6760483,126.7413994
경기도 고양시 일산서구  일산동,37.6815601,126.769111
부산광역시 서구  동대신동2가,35.1128964,129.0223039
서울특별시 마포구  합정동,37.5463089,126.9101219
경기도 성남시 분당구  서현동,37.3828006,127.1353506
경기도 화성시 향남읍 발안리,37.1309392,126.8991407
서울특별시 강남구  논현동,37.5135304,127.0315341
경기도 화성시 향남읍 구문천리,37.0801914,126.8958587
경상남도 거제시  상동동,34.8663029,128.6303644
경상남도 진주시  가좌동,35.1567431,128.103043
울산광역시 동구  전하동,35.5151013,129.4324408
경상북도 경주시  충효동,35.8467204,129.1705136
제주특별자치도 제주시  도두일동,33.500359,126.4729644
경상북도 구미시  신평동,36.1207495,128.3630993
부산광역시 수영구  남천동,35.1433894,129.1103248
전라남도 목포시  산정동,34.7905132,126.3987149
서울특별시 금천구  시흥동,37.4492857,126.9104662
경상남도 창원시 성산구  상남동,35.2197859,128.6857217
경기도 화성시  송산동,37.2113507,127.013203
충청남도 아산시  모종동,36.7839955,127.0211404
경기도 여주시  상동,37.2980237,127.6371628
경기도 김포시 월곶면 군하리,37.7110181,126.5484958
경상남도 창원시 마산합포구  부림동,35.2056542,128.5726164
대구광역시 서구  비산동,35.8876551,128.546521
전라남도 순천시  남내동,34.9541157,127.4851524
부산광역시 사상구  괘법동,35.1652343,128.9921335
부산광역시 사상구  덕포동,35.1745572,128.9885677
경기도 용인시 처인구  마평동,37.2300384,127.2401158
경기도 양주시  덕정동,37.8457303,127.0636014
서울특별시 성북구  동소문동4가,37.5915901,127.0107586
서울특별시 영등포구  당산동6가,37.5340872,126.9029485
경상남도 창원시 의창구  명서동,35.2480416,128.6439278
강원도 정선군 고한읍 고한리,37.1954169,128.870195
경상남도 통영시  명정동,34.8425272,128.4197399
경기도 안성시  영동,37.0059852,127.2738957
경기도 광명시  소하동,37.4397958,126.8832786
서울특별시 성동구  금호동4가,37.5452268,127.025308
서울특별시 종로구  필운동,37.5777124,126.9678162
서울특별시 서대문구  창천동,37.5584944,126.9345627
경상북도 구미시  광평동,36.1046532,128.3660437
경상남도 통영시 광도면 안정리,34.9449106,128.4060882
부산광역시 기장군 일광면 이천리,35.2744409,129.2409268
경기도 화성시  방교동,37.1828441,127.0904221
경상북도 예천군 예천읍 남본리,36.6497784,128.4542629
부산광역시 해운대구  반여동,35.20389979999999,129.1330064
제주특별자치도 제주시 구좌읍 세화리,33.48959660000001,126.8316644
서울특별시 종로구  인의동,37.57223130000001,126.9974345
서울특별시 강북구  수유동,37.6387326,127.0089103
전라북도 전주시 덕진구  인후동2가,35.8428341,127.1484577
울산광역시 북구  호계동,35.627812,129.3628379
충청북도 충주시  봉방동,36.9744022,127.9162561
서울특별시 은평구  녹번동,37.6059975,126.9339654
서울특별시 마포구  도화동,37.53980079999999,126.9495112
광주광역시 남구  월산동,35.1444667,126.894479
대전광역시 서구  탄방동,36.3455135,127.3907181
울산광역시 중구  우정동,35.5630605,129.310486
서울특별시 마포구  중동,37.5725438,126.9048389
인천광역시 부평구  갈산동,37.5135316,126.7263146
경상북도 포항시 남구 오천읍 세계리,35.950682,129.4339713
울산광역시 울주군 삼남면 방기리,35.5133709,129.0750162
충청남도 당진시 합덕읍 운산리,36.80240270000001,126.7697189
충청남도 천안시 서북구  성정동,36.8225551,127.1408156
광주광역시 동구  산수동,35.15693419999999,126.9342774
서울특별시 영등포구  신길동,37.5062485,126.9139521
경상남도 사천시 용현면 덕곡리,35.0003649,128.0657659
경상북도 상주시  무양동,36.4211572,128.1523482
서울특별시 중랑구  상봉동,37.5990737,127.0893441
충청남도 천안시 서북구  차암동,36.8485484,127.1104931
경기도 화성시 봉담읍 상리,37.2183326,126.940109
경상남도 진주시  중안동,35.1935554,128.0808941
서울특별시 서초구  양재동,37.4731977,127.0381702
광주광역시 동구  금남로5가,35.1525981,126.9125594
경상남도 창원시 진해구  화천동,35.1517088,128.6619223
제주특별자치도 서귀포시  서귀동,33.2471409,126.5640547
경상남도 밀양시 삼랑진읍 송지리,35.3998779,128.8358676
경기도 화성시  진안동,37.2128013,127.0388902
전라남도 나주시  빛가람동,35.0217404,126.7904127
부산광역시 부산진구  부전동,35.1568124,129.0588155
경기도 가평군 청평면 청평리,37.7360646,127.4307827
경상북도 포항시 남구 오천읍 문덕리,35.9531721,129.4004924
충청북도 제천시  화산동,37.13069369999999,128.2111682
광주광역시 광산구  수완동,35.1982207,126.8286948
충청북도 청주시 흥덕구  복대동,36.6320679,127.4463153
서울특별시 성동구  용답동,37.5640647,127.0554067
경기도 가평군 가평읍 대곡리,37.8223783,127.5045779
인천광역시 중구  북성동1가,37.4719734,126.6064952
경상북도 영덕군 영해면 성내리,36.52948200000001,129.4138042
경상북도 경산시 압량면 신대리,35.8387341,128.7707865
경상북도 경주시  용강동,35.8705357,129.2319394
부산광역시 서구  충무동3가,35.0938441,129.0221978
광주광역시 동구  동명동,35.1503703,126.9257155
경기도 여주시  오학동,37.310286,127.644946
전라북도 전주시 덕진구  금암동,35.8410418,127.1362788
경상북도 영덕군 축산면 축산리,36.5044254,129.4349876
경기도 수원시 장안구  파장동,37.3083999,126.9947808
서울특별시 마포구  염리동,37.5496169,126.9476266
경기도 평택시  통복동,36.9912102,127.0737913
광주광역시 남구  주월동,35.1292132,126.8968709
경기도 안산시 단원구  와동,37.3401215,126.8254171
서울특별시 동작구  사당동,37.4862548,126.9733325
경기도 성남시 분당구  백현동,37.3801584,127.091844
대구광역시 북구  복현동,35.8980296,128.6198586
충청북도 충주시 대소원면 대소리,36.9732616,127.8180926
대구광역시 수성구  범어동,35.8588249,128.630883
전라북도 전주시 덕진구  동산동,35.8710201,127.0745059
서울특별시 성동구  성수동1가,37.5435182,127.0437247
서울특별시 용산구  한강로3가,37.52909229999999,126.9606764
대전광역시 서구  갈마동,36.34734660000001,127.3671723
부산광역시 금정구  회동동,35.2380917,129.1291109
충청남도 천안시 서북구  성성동,36.8443431,127.1215375
충청남도 아산시 도고면 기곡리,36.7601531,126.884193
충청북도 충주시  용산동,36.9641258,127.9387272
경기도 화성시 봉담읍 와우리,37.2115009,126.9746548
충청남도 당진시 석문면 통정리,36.9856689,126.587207
서울특별시 구로구  고척동,37.5011414,126.8625002
부산광역시 중구  대청동2가,35.1027677,129.0313055
부산광역시 금정구  서동,35.2175449,129.1027261
인천광역시 남구  주안동,37.4565562,126.6845807
대구광역시 서구  내당동,35.8603248,128.5551141
서울특별시 용산구  한남동,37.5311789,127.0062454
경상북도 영천시  성내동,35.961397,128.9238538
서울특별시 강서구  방화동,37.5764563,126.813873
강원도 속초시  조양동,38.1845094,128.5846118
경상남도 창원시 진해구  충무동,35.1521964,128.6640876
전라남도 여수시  신기동,34.7608018,127.6718475
서울특별시 구로구  가리봉동,37.4823943,126.888251
부산광역시 기장군 기장읍 교리,35.2547992,129.2152186
경상남도 산청군 신안면 하정리,35.3034905,127.9838184
부산광역시 영도구  청학동,35.0911395,129.0615476
경기도 시흥시  도창동,37.4078442,126.8191534
경상남도 창원시 마산합포구  신포동2가,35.2010836,128.5744976
부산광역시 부산진구  초읍동,35.1787209,129.0475613
울산광역시 중구  성안동,35.5818301,129.3080464
경기도 용인시 처인구 백암면 백암리,37.17089780000001,127.3760357
대구광역시 서구  평리동,35.8721594,128.5588364
부산광역시 동래구  수안동,35.1975084,129.0846794
서울특별시 용산구  한강로1가,37.5375702,126.9730964
경기도 이천시 신둔면 수광리,37.3132545,127.3997546
서울특별시 영등포구  영등포동,37.5132559,126.9057791
경기도 화성시 비봉면 양노리,37.2254756,126.8685377
대구광역시 달서구  유천동,35.8154987,128.5138038
대구광역시 달서구  송현동,35.8251562,128.5544412
충청북도 충주시 앙성면 지당리,37.0902512,127.7107661
경상남도 창원시 마산합포구  상남동,35.2125959,128.5747015
경상남도 창원시 마산합포구  창동,35.2063203,128.5745582
강원도 원주시  무실동,37.3281893,127.9194485
충청북도 충주시  금릉동,36.9936105,127.9187307
서울특별시 중구  순화동,37.5624639,126.9706122
서울특별시 서대문구  충정로3가,37.5618617,126.9616111
부산광역시 사하구  장림동,35.0768871,128.970675
대구광역시 달성군 다사읍 매곡리,35.8645235,128.4551201
경상남도 창원시 의창구  봉곡동,35.2457465,128.6564269
울산광역시 중구  옥교동,35.5524343,129.3245444
제주특별자치도 서귀포시 대정읍 보성리,33.2582832,126.2706274
경상남도 김해시  외동,35.2316112,128.8594094
경기도 안산시 단원구  신길동,37.3312008,126.7720272
인천광역시 중구  중앙동3가,37.4719717,126.622852
울산광역시 북구  명촌동,35.5478833,129.3652308
강원도 원주시  반곡동,37.3263326,127.9846867
경상남도 창원시 마산합포구  월남동4가,35.1825997,128.5594735
부산광역시 영도구  영선동1가,35.0907305,129.0436413
경기도 시흥시  목감동,37.3845831,126.8572641
충청북도 청주시 흥덕구 오송읍 만수리,36.6393573,127.3255576
경상남도 거제시 연초면 오비리,34.9161744,128.6259731
경기도 이천시  중리동,37.2751968,127.4425092
경기도 하남시  신장동,37.5445154,127.2154841
경상남도 창원시 진해구  인사동,35.1499901,128.6674024
경기도 안양시 만안구  석수동,37.4224747,126.9098163
충청북도 제천시  영천동,37.1258203,128.2022347
경기도 남양주시 와부읍 도곡리,37.57636960000001,127.2398437
경기도 남양주시 진접읍 장현리,37.7262311,127.1785622
대전광역시 중구  선화동,36.3311131,127.4188787
인천광역시 부평구  산곡동,37.5006814,126.7013757
경기도 평택시  서정동,37.0684521,127.054637
서울특별시 용산구  갈월동,37.5473301,126.9722574
서울특별시 영등포구  영등포동6가,37.5215695,126.9032507
서울특별시 강동구  암사동,37.558248,127.1304539
경기도 의정부시  용현동,37.7310618,127.0803266
전라남도 광양시 광양읍 덕례리,34.9620852,127.5675703
경상북도 경주시  노서동,35.8420342,129.2062218
경기도 여주시  현암동,37.2980237,127.6371628
서울특별시 성동구  행당동,37.5574629,127.0347413
울산광역시 북구  산하동,35.6306951,129.427944
부산광역시 해운대구  재송동,35.1845541,129.1299107
제주특별자치도 서귀포시  호근동,33.2613388,126.5332641
충청북도 청주시 서원구  성화동,36.6120685,127.4519722
경기도 성남시 중원구  금광동,37.4468925,127.1670684
경기도 수원시 장안구  정자동,37.2952714,126.9927915
서울특별시 은평구  대조동,37.6141112,126.9208904
경기도 안산시 상록구  월피동,37.3472427,126.8492471
경상북도 영천시 금호읍 덕성리,35.9284228,128.8647303
서울특별시 서대문구  대현동,37.5606558,126.9465796
서울특별시 성동구  도선동,37.5640356,127.0336537
서울특별시 송파구  송파동,37.50460899999999,127.1119305
경기도 광주시  역동,37.4017127,127.2548131
부산광역시 사하구  괴정동,35.10214270000001,128.9945348
서울특별시 마포구  창전동,37.5501124,126.9309867
경상남도 밀양시  내이동,35.4970946,128.7461917
제주특별자치도 제주시  화북이동,33.5035222,126.5648288
경상북도 문경시  점촌동,36.5958305,128.198404
경기도 남양주시  호평동,37.6545292,127.2489133
부산광역시 중구  대청동1가,35.1042476,129.032792
경상남도 창원시 진해구  광화동,35.1482011,128.6594371
서울특별시 동대문구  전농동,37.5792622,127.0554405
서울특별시 노원구  월계동,37.6277451,127.0568215
경상남도 양산시  중부동,35.3392646,129.0305518
경기도 수원시 권선구  금곡동,37.2754512,126.9524957
충청남도 아산시 배방읍 세출리,36.7366106,127.0768799
서울특별시 중구  장충동2가,37.5553677,127.0021234
대구광역시 수성구  두산동,35.8300887,128.6205574
경상남도 거제시  아주동,34.8709677,128.6816875
강원도 강릉시  홍제동,37.7512031,128.8679856
경기도 파주시 월롱면 덕은리,37.8040133,126.7745812
울산광역시 중구  다운동,35.5562355,129.2756954
경상북도 경주시 감포읍 전동리,35.8053672,129.4805772
경기도 군포시  당정동,37.35101179999999,126.9552096
광주광역시 광산구  신가동,35.1794847,126.8327136
경상남도 창원시 진해구  두동,35.1243486,128.807117
경기도 수원시 장안구  조원동,37.3035412,127.0154125
경상북도 포항시 북구  죽도동,36.0318476,129.3640905
경기도 성남시 중원구  여수동,37.4202477,127.1319657
부산광역시 영도구  동삼동,35.0744236,129.069341
광주광역시 남구  구동,35.1468797,126.9100511
전라남도 목포시  달동,34.7736319,126.3168894
경기도 수원시 팔달구  지동,37.2798028,127.0258806
대구광역시 중구  동인동2가,35.8691464,128.603003
서울특별시 광진구  광장동,37.5478086,127.1052825
경기도 부천시  범박동,37.47057179999999,126.8097943
서울특별시 구로구  개봉동,37.4888722,126.8557494
서울특별시 은평구  진관동,37.6413466,126.9421897
경기도 성남시 분당구  야탑동,37.4078059,127.1430174
충청남도 천안시 서북구  두정동,36.8346175,127.1346578
서울특별시 서대문구  북가좌동,37.5784186,126.9099561
경상남도 함안군 칠서면 대치리,35.3628671,128.479722
경상남도 양산시 물금읍 범어리,35.3301518,129.0115475
경기도 의왕시  포일동,37.3971317,126.9907247
서울특별시 성북구  종암동,37.60017089999999,127.031602
서울특별시 서초구  신원동,37.4446745,127.0614206
경상북도 경산시 진량읍 신상리,35.8730844,128.822071
서울특별시 은평구  구산동,37.6117223,126.9103085
경상북도 예천군 예천읍 청복리,36.6378923,128.4650875
충청북도 청주시 흥덕구  가경동,36.6287122,127.4326183
서울특별시 성북구  장위동,37.6156087,127.0507954
부산광역시 서구  부용동1가,35.1063998,129.0207619
광주광역시 서구  농성동,35.1545664,126.8879123
경상북도 경산시  상방동,35.8146084,128.7443001
대구광역시 중구  시장북로,35.8721171,128.5825726
대전광역시 유성구  궁동,36.3680837,127.3445025
대구광역시 중구  삼덕동3가,35.8642986,128.6081436
부산광역시 북구  화명동,35.2390538,129.0240141
대전광역시 유성구  장대동,36.3619139,127.3341117
서울특별시 종로구  익선동,37.5742793,126.989835
전라남도 완도군 군외면 원동리,34.3855596,126.6547287
경상남도 김해시  부원동,35.2224512,128.8900056
경기도 수원시 권선구  권선동,37.2490526,127.0249436
경상남도 통영시  인평동,34.8420817,128.3970483
충청남도 서산시  동문동,36.7845828,126.4586828
경상남도 김해시  내동,35.2427883,128.8617258
경기도 고양시 일산동구  백석동,37.6403518,126.7888593
서울특별시 종로구  효제동,37.5738196,127.0027668
부산광역시 사상구  감전동,35.14653020000001,128.9720728
경상남도 창원시 마산합포구  중앙동3가,35.1985739,128.568003
경상남도 김해시  동상동,35.2402399,128.8867348
서울특별시 강남구  개포동,37.4789643,127.0609282
서울특별시 은평구  응암동,37.5926646,126.9205206
서울특별시 용산구  원효로1가,37.5399325,126.9674607
전라남도 목포시  용당동,34.8043451,126.3977435
충청북도 충주시  교현동,36.9761512,127.9350839
전라남도 목포시  죽교동,34.7966426,126.368521
경상북도 경주시 건천읍 건천리,35.8476501,129.1106046
서울특별시 송파구  오금동,37.5029895,127.1278734
경상남도 거창군 거창읍 장팔리,35.6576568,127.8878851
경기도 이천시 부발읍 아미리,37.260096,127.5008423
경상북도 김천시  율곡동,36.1214779,128.1838104
부산광역시 서구  토성동2가,35.1001031,129.0215316
충청북도 청주시 청원구 오창읍 양청리,36.7207036,127.4304285
서울특별시 성동구  성수동2가,37.5394428,127.0542534
강원도 춘천시  근화동,37.880565,127.7124994
충청남도 천안시 동남구  문화동,36.8090291,127.1514852
부산광역시 동래구  사직동,35.1990248,129.0557195
인천광역시 부평구  청천동,37.5188971,126.7045859
경기도 군포시  부곡동,37.3305869,126.9361227
충청북도 충주시  문화동,36.9716796,127.9253943
대전광역시 유성구  봉명동,36.3531722,127.3454011
서울특별시 강서구  염창동,37.5540319,126.8717993
경상남도 사천시 사남면 유천리,35.0725934,128.0647707
서울특별시 중구  만리동1가,37.55612,126.9676729
대구광역시 동구  신암동,35.8838,128.6271994
전라남도 순천시  조곡동,34.9557377,127.4968791
대전광역시 동구  삼성동,36.3405248,127.4221832
경기도 안양시 동안구  관양동,37.4060365,126.9652058
울산광역시 북구  구유동,35.60456,129.4511318
인천광역시 부평구  삼산동,37.5153623,126.7389307
부산광역시 금정구  남산동,35.2689785,129.0839182
강원도 강릉시 연곡면 영진리,37.8694633,128.8400733
경기도 수원시 팔달구  매교동,37.26857210000001,127.014224
서울특별시 용산구  후암동,37.5498915,126.9814212
제주특별자치도 제주시  연동,33.4881257,126.4968963
서울특별시 광진구  구의동,37.5466951,127.0914159
부산광역시 중구  대창동1가,35.1080021,129.0362307
대구광역시 달서구  용산동,35.8577704,128.5243546
경상남도 창원시 마산합포구  중성동,35.2083531,128.5747103
광주광역시 서구  화정동,35.1421934,126.8757774
울산광역시 중구  남외동,35.5658866,129.3474877
인천광역시 남동구  만수동,37.4615433,126.7323595
경상남도 창원시 의창구  대원동,35.2259709,128.6467634
경기도 수원시 팔달구  매산로3가,37.2713542,127.0099233
경상남도 사천시 곤양면 성내리,35.0582446,127.960685
인천광역시 연수구  청학동,37.4245633,126.6651331
충청남도 홍성군 홍북읍 신경리,36.6558518,126.6753845
인천광역시 부평구  십정동,37.4771195,126.6995017
경상남도 통영시  정량동,34.8430823,128.4302109
경기도 성남시 분당구  수내동,37.3713177,127.1223533
부산광역시 중구  보수동1가,35.1064758,129.0263952
경기도 평택시  합정동,36.9859709,127.1022612
경상남도 진주시  충무공동,35.1747771,128.1505951
광주광역시 서구  풍암동,35.1262035,126.8764386
부산광역시 연제구  거제동,35.1878162,129.0631734
서울특별시 성북구  정릉동,37.61449289999999,127.0002306
서울특별시 성북구  동선동3가,37.5932834,127.020538
경기도 부천시  중동,37.5022203,126.7685834
서울특별시 광진구  중곡동,37.5626197,127.0853672
제주특별자치도 제주시 애월읍 애월리,33.4594506,126.3240041
서울특별시 종로구  낙원동,37.57284569999999,126.9884126
울산광역시 남구  야음동,35.52477210000001,129.3327481
경기도 수원시 팔달구  남수동,37.281858,127.020897
서울특별시 영등포구  양평동5가,37.5399253,126.8928726
충청북도 제천시  명동,37.1356708,128.2072408
경상남도 창원시 의창구  도계동,35.2610846,128.6408816
대구광역시 달서구  진천동,35.8147467,128.5242038
서울특별시 성북구  동소문동6가,37.5933169,127.0144101
서울특별시 중구  필동1가,37.5609015,126.9924937
경상남도 거창군 거창읍 김천리,35.6788279,127.9122255
경기도 수원시 영통구  하동,37.2842425,127.0693424
대전광역시 서구  만년동,36.3674657,127.374631
경상남도 김해시  삼방동,35.2594054,128.9084055
서울특별시 마포구  마포동,37.5368623,126.9435802
대구광역시 달서구  본동,35.8348001,128.5399272
경상남도 거제시  장평동,34.8910077,128.598305
부산광역시 서구  서대신동2가,35.10881790000001,129.0101733
서울특별시 강남구  역삼동,37.4999072,127.0373932
울산광역시 남구  매암동,35.5112478,129.3781501
경상남도 양산시 하북면 순지리,35.4923605,129.0898719
경상북도 예천군 호명면 산합리,36.5766183,128.4828718
부산광역시 동래구  안락동,35.1964295,129.1034921
경상북도 영주시  휴천동,36.8117532,128.657731
경상남도 거제시  장승포동,34.8560493,128.7250423
울산광역시 울주군 삼남면 교동리,35.5531676,129.1118103
서울특별시 서초구  잠원동,37.514847,127.0143281
울산광역시 울주군 언양읍 서부리,35.5668184,129.1140094
경상북도 포항시 북구  여천동,36.039336,129.3681631
서울특별시 중구  충무로3가,37.5622214,126.9909515
경기도 평택시  신장동,37.0814357,127.0500387
경상남도 창원시 마산회원구 내서읍 호계리,35.2624155,128.52099
충청북도 충주시 수안보면 온천리,36.851824,127.9870796
경상남도 거창군 거창읍 대동리,35.6927225,127.9206703
인천광역시 남동구  구월동,37.44910429999999,126.7101188
경기도 용인시 처인구 양지면 남곡리,37.2164827,127.2828281
광주광역시 북구  북동,35.15596,126.9093249
서울특별시 은평구  역촌동,37.6044517,126.9169535
서울특별시 중구  남대문로5가,37.5562032,126.9749646
서울특별시 송파구  잠실동,37.5061273,127.0842945
대전광역시 서구  변동,36.325346,127.3806268
광주광역시 남구  봉선동,35.1230996,126.9123534
경기도 이천시  사음동,37.2954909,127.4185308
부산광역시 남구  용당동,35.1165463,129.0966359
경기도 화성시 마도면 청원리,37.1775335,126.7666199
부산광역시 서구  토성동5가,35.0976977,129.0218582
충청북도 청주시 서원구  사직동,36.63213349999999,127.47059
제주특별자치도 제주시  용담일동,33.5080556,126.5141439
경기도 수원시 장안구  연무동,37.2904855,127.0215837
서울특별시 영등포구  도림동,37.5094016,126.8960068
경기도 남양주시 화도읍 창현리,37.6319364,127.323053
전라남도 순천시  동외동,34.956949,127.4880611
대구광역시 북구  고성동1가,35.8784621,128.5851264
광주광역시 북구  오치동,35.1911045,126.9102479
부산광역시 서구  충무동1가,35.0952948,129.0245658
경기도 오산시  궐동,37.161356,127.0516874
경기도 의정부시  의정부동,37.7355459,127.0412962
울산광역시 중구  학성동,35.5555863,129.3352216
서울특별시 동작구  대방동,37.5080962,126.9262539
경기도 시흥시  조남동,37.3737022,126.8622465
경상남도 창원시 진해구  중앙동,35.1517719,128.6557366
부산광역시 중구  보수동2가,35.10506840000001,129.0235131
경상남도 창원시 진해구  용원동,35.1091336,128.817681
전라남도 보성군 보성읍 보성리,34.7727002,127.0832296
경상북도 경주시 건천읍 천포리,35.8511041,129.0937414
경기도 성남시 분당구  금곡동,37.3515916,127.1069357
인천광역시 계양구  임학동,37.5468065,126.7345652
충청남도 천안시 서북구 성환읍 매주리,36.9047778,127.1312057
부산광역시 남구  감만동,35.1120502,129.0809651
경기도 남양주시 화도읍 금남리,37.6338291,127.3495355
경상남도 창원시 마산합포구  산호동,35.2152876,128.5837644
경상남도 창원시 마산합포구  홍문동,35.18489539999999,128.5592347
울산광역시 중구  태화동,35.5534338,129.2911427
울산광역시 울주군 청량읍 상남리,35.4866032,129.3127748
경기도 성남시 분당구  판교동,37.3897387,127.1017312
경기도 의정부시  신곡동,37.7351108,127.0630256
부산광역시 부산진구  당감동,35.16861129999999,129.027347
대구광역시 중구  삼덕동2가,35.8653945,128.602684
부산광역시 기장군 정관읍 매학리,35.3169318,129.1661425
대구광역시 수성구  신매동,35.8376218,128.7096082
경기도 김포시  사우동,37.619153,126.7299823
서울특별시 마포구  성산동,37.5657426,126.9033058
인천광역시 동구  화평동,37.4814283,126.6299226
경상남도 거제시  고현동,34.8824091,128.6231029
부산광역시 북구  금곡동,35.2502118,129.0127846
전라북도 전주시 완산구  효자동3가,35.8257106,127.0931971
경기도 시흥시  정왕동,37.34860159999999,126.7271088
충청북도 충주시  충의동,36.9746293,127.9297555
서울특별시 동작구  신대방동,37.4915587,126.9166265
인천광역시 중구  운서동,37.4608981,126.4678818
서울특별시 강남구  신사동,37.524124,127.022883
광주광역시 북구  신안동,35.1678705,126.8997494
경상남도 진주시  봉곡동,35.1948532,128.0747838
경상북도 청도군 청도읍 고수리,35.6404405,128.7432762
충청북도 청주시 서원구  분평동,36.6087159,127.4886413
대전광역시 동구  성남동,36.3445526,127.4375146
부산광역시 부산진구  부암동,35.1753203,129.0335394
울산광역시 동구  동부동,35.5525614,129.4278168
부산광역시 영도구  영선동3가,35.0859207,129.0412723
서울특별시 영등포구  양평동6가,37.542319,126.8890103
경기도 안성시 공도읍 마정리,37.0152968,127.2015046
경기도 고양시 일산동구  장항동,37.6486294,126.7588415
경상남도 통영시 광도면 죽림리,34.8806288,128.4086335
부산광역시 북구  만덕동,35.2142958,129.0383023
강원도 삼척시  교동,37.4479795,129.164595
인천광역시 남구  숭의동,37.462274,126.6490226
경상남도 양산시  평산동,35.3833096,129.1486962
부산광역시 해운대구  좌동,35.1838918,129.1763937
경상남도 남해군 남해읍 아산리,34.8460196,127.8719
부산광역시 기장군 기장읍 청강리,35.2259697,129.2105524
대구광역시 달서구  두류동,35.8556867,128.5721982
경기도 고양시 덕양구  주교동,37.659437,126.8296761
경기도 용인시 처인구 포곡읍 전대리,37.2868842,127.2154931
인천광역시 남동구  간석동,37.465607,126.7109699
서울특별시 강동구  명일동,37.5502209,127.1500409
대구광역시 북구  구암동,35.9324688,128.569586
대구광역시 수성구  지산동,35.8203328,128.6324473
충청북도 충주시 주덕읍 신양리,36.9666291,127.8016263
경기도 화성시  영천동,37.2042033,127.1355908
경기도 수원시 팔달구  팔달로2가,37.2783952,127.0171672
제주특별자치도 서귀포시 남원읍 위미리,33.3060336,126.6580882
대구광역시 달서구  이곡동,35.8574826,128.5092171
경상남도 통영시  북신동,34.8569976,128.425572
경상남도 거창군 거창읍 대평리,35.6814085,127.9262881
부산광역시 강서구  대저1동,35.215809,128.9718533
경상남도 양산시 물금읍 가촌리,35.3182418,128.9947196
경기도 용인시 처인구 양지면 양지리,37.2389575,127.2903991
부산광역시 동구  좌천동,35.1319858,129.052792
서울특별시 강동구  길동,37.5392074,127.1461206
경상남도 고성군 고성읍 동외리,34.9752751,128.332853
서울특별시 중랑구  망우동,37.60002619999999,127.1068617
전라남도 여수시  덕충동,34.75650359999999,127.7409726
경기도 평택시 안중읍 현화리,36.9834621,126.9171025
서울특별시 광진구  능동,37.5535934,127.0791827
울산광역시 중구  유곡동,35.569162,129.2930075
전라북도 남원시  향교동,35.4169957,127.3807946
경상북도 포항시 북구  우현동,36.0577481,129.3546276
충청남도 천안시 동남구  봉명동,36.80563060000001,127.1393917
경기도 남양주시 퇴계원면 퇴계원리,37.657417,127.1431103
충청남도 홍성군 광천읍 신진리,36.5119875,126.6238574
경상남도 함양군 함양읍 교산리,35.5322304,127.7294037
서울특별시 영등포구  영등포동1가,37.5175327,126.9129245
경기도 안산시 상록구  성포동,37.3215403,126.8485553
경기도 부천시  심곡동,37.4878994,126.7804683
부산광역시 사상구  학장동,35.1441129,128.9872899
충청북도 단양군 단양읍 별곡리,36.988544,128.3602509
경기도 남양주시  별내동,37.6662792,127.1133146
경기도 여주시  창동,37.2980237,127.6371628
경상북도 구미시  송정동,36.11854659999999,128.3466814
인천광역시 서구  당하동,37.5863452,126.7036801
경기도 군포시  당동,37.3480093,126.9409081
부산광역시 부산진구  전포동,35.157532,129.071468
광주광역시 광산구  쌍암동,35.2177606,126.8507137
충청남도 계룡시 엄사면 엄사리,36.2863984,127.2388004
대구광역시 동구  신천동,35.8730511,128.6231546
충청북도 청주시 청원구  내덕동,36.6613248,127.4771086
경기도 수원시 팔달구  고등동,37.2736103,127.002412
부산광역시 서구  부민동1가,35.1036044,129.0206352
서울특별시 중랑구  중화동,37.5995064,127.0778661
경상북도 경산시  사동,35.8117482,128.7553822
서울특별시 성북구  동선동4가,37.5952422,127.0188196
서울특별시 영등포구  당산동1가,37.521711,126.8982342
대전광역시 중구  오류동,36.3252141,127.4062811
경상북도 경주시  동부동,35.8420342,129.2062218
서울특별시 중랑구  묵동,37.6113617,127.0787546
서울특별시 영등포구  영등포동7가,37.52437279999999,126.9070793
광주광역시 북구  중흥동,35.1662717,126.9130029
울산광역시 울주군 온산읍 덕신리,35.43582019999999,129.3021877
경상북도 상주시  남성동,36.4113834,128.1597223
경기도 화성시  오산동,37.1512175,127.0752332
전라남도 고흥군 도양읍 봉암리,34.5321793,127.1485949
충청북도 음성군 맹동면 두성리,36.9107945,127.5550715
경기도 용인시 수지구  동천동,37.3412587,127.0994637
서울특별시 강동구  강일동,37.5626796,127.1742333
울산광역시 남구  신정동,35.5352835,129.3072816
경상북도 경주시  성건동,35.8507832,129.2073605
부산광역시 동구  범일동,35.1361716,129.0609
경상북도 포항시 북구  동빈1가,36.0451917,129.3699784
광주광역시 북구  용봉동,35.1804047,126.9012071
강원도 영월군 영월읍 하송리,37.1774496,128.4608387
부산광역시 동래구  명륜동,35.2122433,129.0861121
경기도 성남시 분당구  구미동,37.3433737,127.1206995
경상남도 진주시  신안동,35.18242,128.0704323
인천광역시 계양구  계산동,37.5445643,126.7185016
경기도 평택시 안중읍 안중리,36.9896928,126.9361991
경상북도 경주시 양남면 하서리,35.6789031,129.4502201
서울특별시 종로구  수송동,37.5739802,126.9804234
경기도 안산시 상록구  본오동,37.2912504,126.8652689
서울특별시 송파구  신천동,37.5200705,127.0995
충청남도 계룡시  금암동,36.2727248,127.2462289
대구광역시 달서구  본리동,35.8394295,128.5378025
부산광역시 해운대구  송정동,35.1836122,129.2036296
부산광역시 영도구  대평동1가,35.0912857,129.0352528
전라북도 군산시  나운동,35.9595484,126.6963588
경상남도 창원시 마산합포구  중앙동2가,35.1956114,128.5677718
경기도 부천시  여월동,37.51233620000001,126.7983655
경상북도 예천군 예천읍 백전리,36.6665644,128.4504442
경상남도 통영시  항남동,34.8416929,128.4230034
경기도 용인시 기흥구  보라동,37.2540454,127.1142145
경기도 수원시 팔달구  우만동,37.2853444,127.0338987
경기도 안양시 동안구  비산동,37.4069689,126.9426549
부산광역시 서구  서대신동3가,35.1270353,129.0113636
경기도 성남시 중원구  상대원동,37.4404832,127.1798248
부산광역시 중구  동광동3가,35.1016663,129.0341087
경상남도 창원시 마산회원구  구암동,35.2520272,128.5939682
서울특별시 마포구  노고산동,37.5538162,126.9367619
제주특별자치도 제주시  이도이동,33.4977379,126.5374912
서울특별시 종로구  구기동,37.6180692,126.9581885
강원도 강릉시  유천동,37.7671113,128.8586435
인천광역시 계양구  효성동,37.5297645,126.7028658
서울특별시 동대문구  휘경동,37.5900176,127.0636187
충청남도 천안시 서북구  쌍용동,36.8016469,127.1225809
서울특별시 강남구  삼성동,37.5139848,127.0565207
경상남도 창원시 마산합포구  월영동,35.1792119,128.5576901
경상북도 포항시 북구  장성동,36.0795767,129.380165
경상남도 창원시 의창구  소답동,35.267112,128.627377
경상북도 경주시 현곡면 금장리,35.8717229,129.1952487
서울특별시 강서구  마곡동,37.5764888,126.8307466
서울특별시 영등포구  당산동4가,37.5287389,126.8995556
서울특별시 용산구  서계동,37.5524394,126.9658264
서울특별시 노원구  공릉동,37.6304778,127.0901988
경기도 파주시 문산읍 당동리,37.8685746,126.7755678
대구광역시 북구  읍내동,35.9458146,128.5505587
대전광역시 중구  은행동,36.3297614,127.4267063
대전광역시 서구  괴정동,36.3389723,127.3789248
서울특별시 도봉구  방학동,37.6666657,127.0337541
인천광역시 남동구  서창동,37.4331494,126.752354
서울특별시 관악구  신림동,37.4626176,126.9383251
인천광역시 서구  원당동,37.597461,126.7051111
대구광역시 수성구  수성동2가,35.8554843,128.615478
경기도 부천시  심곡본동,37.4777363,126.7794684
경기도 안산시 단원구  선부동,37.3432423,126.8082257
서울특별시 송파구  마천동,37.4976485,127.1530166
서울특별시 영등포구  영등포동5가,37.5210958,126.9067076
광주광역시 남구  양림동,35.1388678,126.9145133
강원도 삼척시 원덕읍 호산리,37.1793973,129.3363914
부산광역시 부산진구  범전동,35.1656947,129.0611714
전라북도 전주시 덕진구  반월동,35.8804978,127.0705898
경기도 광주시  중대동,37.4066786,127.2173377
서울특별시 노원구  하계동,37.637576,127.0725939
경기도 광명시  일직동,37.4173914,126.8803303
서울특별시 영등포구  당산동5가,37.5322248,126.9010187
경기도 부천시  상동,37.5003271,126.7498232
충청남도 천안시 서북구  불당동,36.8083197,127.106278
경상남도 창원시 의창구  사림동,35.2458761,128.6819538
전라남도 순천시  인제동,34.9436821,127.4787212
대구광역시 남구  이천동,35.8510096,128.6046189
서울특별시 중구  오장동,37.5648174,127.0007109
울산광역시 울주군 서생면 진하리,35.3712128,129.3458052
경상남도 창원시 마산합포구 진동면 진동리,35.1186573,128.4884679
경상북도 경주시  서부동,35.8472575,129.2085204
충청남도 아산시 배방읍 장재리,36.7918048,127.0942438
경기도 용인시 수지구  상현동,37.3032495,127.0796515
부산광역시 영도구  봉래동2가,35.0963632,129.0430699
경기도 구리시  교문동,37.5905256,127.1275691
경상남도 창원시 성산구  신촌동,35.2137982,128.6390098
경상북도 포항시 남구  효자동,36.0058463,129.3334943
경기도 부천시  원종동,37.528659,126.8038937
경상남도 창원시 진해구  속천동,35.1423164,128.669365
서울특별시 강남구  세곡동,37.46927120000001,127.1073203
경상북도 안동시  송천동,36.5484522,128.7955936
경상남도 양산시 하북면 지산리,35.493396,129.0474035
경상남도 진주시  하대동,35.1921187,128.1166088
경기도 오산시  청학동,37.1521058,127.0577308
경상북도 구미시  옥계동,36.145215,128.4169525
부산광역시 강서구  명지동,35.1083289,128.9151681
부산광역시 동래구  명장동,35.2073963,129.1018461
서울특별시 양천구  신월동,37.519981,126.8365553
서울특별시 양천구  목동,37.5370192,126.8735297
인천광역시 남구  학익동,37.4398736,126.6523969
대구광역시 달성군 화원읍 천내리,35.802911,128.499517
서울특별시 영등포구  대림동,37.4955091,126.899438
경기도 용인시 처인구 이동읍 송전리,37.1365678,127.1995455
부산광역시 강서구  화전동,35.1026171,128.8680367
서울특별시 영등포구  문래동5가,37.5167213,126.8830905
경상북도 영주시  하망동,36.8238497,128.630331
전라남도 순천시  생목동,34.9532425,127.5068124
경상북도 구미시  황상동,36.1149551,128.4407332
인천광역시 남구  도화동,37.4713262,126.6635653
서울특별시 마포구  공덕동,37.54686969999999,126.9521717
서울특별시 서초구  내곡동,37.4617711,127.05116
경기도 남양주시 진건읍 용정리,37.668534,127.1814459
인천광역시 중구  도원동,37.4669935,126.640115
인천광역시 서구  연희동,37.5489758,126.678194
경상남도 거창군 거창읍 송정리,35.679255,127.8905535
서울특별시 성북구  석관동,37.6084827,127.0609186
경기도 부천시  괴안동,37.4805175,126.8109746
전라남도 화순군 화순읍 향청리,35.0612977,126.9866772
전라남도 영광군 영광읍 신하리,35.2813934,126.4875709
인천광역시 서구  왕길동,37.5890784,126.6471738
경기도 평택시 포승읍 만호리,36.9667362,126.8497195
서울특별시 금천구  가산동,37.4758795,126.8838298
경기도 수원시 영통구  이의동,37.3042402,127.047337
전라북도 순창군 순창읍 남계리,35.3734215,127.1482508
제주특별자치도 서귀포시  법환동,33.2444206,126.5108962
서울특별시 종로구  연건동,37.578917,126.9995883
광주광역시 서구  쌍촌동,35.1520351,126.8630202
충청남도 천안시 동남구  영성동,36.8023526,127.1521109
서울특별시 강동구  천호동,37.5439937,127.1256452
경기도 양평군 용문면 다문리,37.4853372,127.5928451
경기도 안산시 단원구  초지동,37.3246446,126.8085765
경상남도 창원시 마산회원구  석전동,35.2295325,128.5703324
서울특별시 종로구  연지동,37.5734515,126.9999636
충청북도 청주시 흥덕구 오송읍 연제리,36.6293954,127.3283566
경상남도 진주시  칠암동,35.183564,128.0918167
경기도 평택시 포승읍 도곡리,36.990205,126.860461
경기도 수원시 팔달구  매산로2가,37.2667055,127.004891
대구광역시 중구  수창동,35.875103,128.5865782
서울특별시 강남구  수서동,37.4889628,127.105154
경기도 용인시 기흥구  보정동,37.313179,127.112455
서울특별시 관악구  남현동,37.4675553,126.9794198
경기도 고양시 덕양구  화정동,37.6378374,126.8325027
전라남도 나주시  이창동,34.9975343,126.7105357
경기도 구리시  수택동,37.5962281,127.1453311
강원도 원주시  단구동,37.3258832,127.9530295
경상북도 구미시  임은동,36.085705,128.3652126
경기도 동두천시  상패동,37.9090405,127.0303087
경기도 용인시 수지구  죽전동,37.3290605,127.1264906
부산광역시 동래구  복천동,35.2067407,129.088475
강원도 삼척시  원당동,37.4421965,129.1501157
충청북도 청주시 흥덕구  봉명동,36.6484257,127.45756
서울특별시 구로구  구로동,37.4951854,126.8820641
부산광역시 기장군 기장읍 대변리,35.2277987,129.2337886
전라남도 목포시  서산동,34.7826348,126.3762814
경기도 용인시 기흥구  마북동,37.3038477,127.1233234
경기도 수원시 팔달구  팔달로1가,37.2806331,127.0165743
서울특별시 관악구  봉천동,37.4794085,126.9535822
서울특별시 마포구  서교동,37.5534897,126.9177304
강원도 인제군 인제읍 상동리,38.0653756,128.1754857
경상남도 밀양시  삼문동,35.4839339,128.7519622
광주광역시 북구  양산동,35.2019384,126.8760848
경상남도 창원시 마산합포구  창포동3가,35.1819341,128.560774
경상남도 거창군 거창읍 상림리,35.6903925,127.8886278
경기도 용인시 처인구 모현읍 능원리,37.3426389,127.1759334
경상남도 함안군 칠원읍 오곡리,35.28295900000001,128.5095519
서울특별시 송파구  방이동,37.5164031,127.1215351
부산광역시 사하구  다대동,35.0556365,128.9674986
충청남도 천안시 동남구  오룡동,36.805698,127.15027
충청남도 태안군 태안읍 동문리,36.75724659999999,126.3031792
인천광역시 연수구  선학동,37.4289492,126.6969859
부산광역시 수영구  민락동,35.1599071,129.1268533
울산광역시 울주군 언양읍 동부리,35.5695996,129.1256914
경상남도 김해시 진영읍 여래리,35.299562,128.7398926
강원도 원주시  단계동,37.3525786,127.9344104
경기도 광주시 오포읍 신현리,37.3694577,127.1728141
강원도 철원군 동송읍 이평리,38.1955975,127.2095826
경기도 의정부시  가능동,37.7387661,127.0159233
전라남도 여수시  학동,34.761855,127.6617679
부산광역시 수영구  수영동,35.1712651,129.1163371
경상남도 창원시 마산합포구  오동동,35.2087917,128.5785763
서울특별시 서대문구  연희동,37.5717975,126.9325254
서울특별시 강서구  공항동,37.558949,126.8103748
경기도 안산시 단원구  고잔동,37.3175094,126.8310318
경상북도 포항시 북구  동빈2가,36.0408066,129.3697442
부산광역시 영도구  남항동1가,35.0901576,129.0393867
서울특별시 광진구  자양동,37.5324005,127.0715809
대구광역시 북구  대현동,35.8832681,128.6090269
제주특별자치도 서귀포시 안덕면 화순리,33.2522985,126.3330875
경상북도 안동시  옥동,36.5614936,128.7017488
부산광역시 중구  대청동3가,35.1030354,129.0289593
경기도 용인시 기흥구  구갈동,37.2728516,127.1271299
서울특별시 영등포구  당산동2가,37.5223863,126.8938653
경기도 군포시  금정동,37.3579654,126.9372965
제주특별자치도 제주시  일도이동,33.509057,126.5373988
울산광역시 중구  반구동,35.5549519,129.3453078
충청남도 아산시 탕정면 갈산리,36.7937456,127.0617569
경상북도 경산시  옥산동,35.8232419,128.7171108
서울특별시 마포구  상암동,37.5781711,126.894616
대구광역시 중구  봉산동,35.8627357,128.5971099
전라남도 목포시  옥암동,34.8066646,126.4453546
서울특별시 송파구  문정동,37.4851331,127.1238462
경상남도 창원시 진해구  이동,35.1524316,128.6953666
부산광역시 서구  암남동,35.0715916,129.0120484
충청남도 아산시 영인면 아산리,36.8460038,126.9500784
서울특별시 마포구  상수동,37.5454728,126.9244174
부산광역시 사하구  하단동,35.1091589,128.9459498
강원도 삼척시  당저동,37.4472696,129.1611561
제주특별자치도 서귀포시  신효동,33.2627155,126.6060002
충청남도 천안시 동남구  원성동,36.80790690000001,127.1605435
울산광역시 남구  무거동,35.5510418,129.260725
충청북도 청주시 흥덕구  비하동,36.6307795,127.4175428
부산광역시 서구  충무동2가,35.095395,129.0222373
경상남도 사천시 곤양면 송전리,35.0733485,127.96984
제주특별자치도 제주시  아라일동,33.4261379,126.5626925
부산광역시 영도구  영선동2가,35.0880672,129.0425251
경기도 의왕시  내손동,37.3755359,126.9847169
경기도 화성시  반송동,37.1958165,127.0729195
경상북도 경주시  황성동,35.86995599999999,129.2150507
경기도 고양시 일산서구  탄현동,37.6978146,126.768502
서울특별시 영등포구  영등포동8가,37.5283387,126.905394
경기도 김포시 양촌읍 학운리,37.6131592,126.6044483
전라북도 전주시 완산구  효자동2가,35.8033141,127.0993626
경기도 성남시 수정구  단대동,37.4494135,127.1553442
경상남도 창원시 진해구  대흥동,35.1506686,128.6603988
경상남도 함안군 가야읍 말산리,35.27708459999999,128.4102478
부산광역시 서구  동대신동3가,35.1241755,129.0215359
경기도 파주시  금촌동,37.757664,126.7705264
광주광역시 광산구  월전동,35.1210422,126.7726144
대구광역시 동구  신서동,35.8855687,128.7307423
전라북도 익산시  중앙동2가,35.9378629,126.9477552
대구광역시 달성군 유가읍 봉리,35.6931234,128.4660707
대구광역시 동구  신기동,35.864737,128.7036731
경상남도 창원시 마산합포구  월남동2가,35.1862453,128.5618304
광주광역시 동구  수기동,35.1504824,126.9097169
부산광역시 서구  토성동3가,35.1002789,129.0203263
서울특별시 도봉구  창동,37.648965,127.0433646
제주특별자치도 제주시  이도일동,33.50307040000001,126.5285942
서울특별시 성동구  상왕십리동,37.5679524,127.0249238
경상남도 창원시 마산합포구  월남동3가,35.1848259,128.5606307
부산광역시 부산진구  연지동,35.1727497,129.052755
서울특별시 영등포구  영등포동2가,37.5212309,126.911986
부산광역시 부산진구  가야동,35.14675769999999,129.0319501
서울특별시 송파구  석촌동,37.503517,127.1035697
경기도 오산시  수청동,37.1657467,127.0645675
경기도 고양시 덕양구  성사동,37.6491928,126.8477846
경기도 수원시 팔달구  남창동,37.2794939,127.0128685
충청남도 천안시 서북구  백석동,36.8195724,127.1150607
부산광역시 영도구  대교동2가,35.0916702,129.0410495
서울특별시 강북구  번동,37.6279206,127.037216
경기도 용인시 기흥구  상갈동,37.2616855,127.1051884
경기도 성남시 중원구  은행동,37.4596437,127.1736804
경기도 김포시  북변동,37.6269363,126.7103794
부산광역시 남구  문현동,35.1442273,129.0731356
서울특별시 동작구  상도동,37.4989895,126.9377193
경기도 남양주시 화도읍 마석우리,37.6588021,127.3128075
울산광역시 중구  학산동,35.5537198,129.3294377
경기도 오산시  원동,37.1409837,127.0796619
경기도 성남시 중원구  도촌동,37.4180561,127.1534289
경상남도 사천시 사천읍 수석리,35.087978,128.0816567
강원도 속초시  영랑동,38.2239007,128.5879596
대구광역시 동구  효목동,35.8795866,128.6411302
경기도 용인시 처인구 이동읍 천리,37.2007346,127.2103032
강원도 춘천시  온의동,37.8631234,127.7161022
서울특별시 송파구  삼전동,37.5027949,127.0925158
전라남도 여수시  봉산동,34.7343266,127.7232383
충청북도 영동군 영동읍 계산리,36.1771345,127.7804239
경상북도 칠곡군 왜관읍 왜관리,35.9840917,128.4012572
경상남도 고성군 고성읍 성내리,34.9737963,128.3224944
경기도 안양시 만안구  안양동,37.3855729,126.9188756
부산광역시 서구  동대신동1가,35.11015,129.0219758
서울특별시 중구  을지로7가,37.5661787,127.0097427
경상남도 양산시  북정동,35.3620081,129.0498452
서울특별시 금천구  독산동,37.4681147,126.8981937
경상남도 사천시  동금동,34.9311055,128.0819934
경상남도 창원시 마산합포구  서성동,35.2035816,128.5718226
경기도 성남시 분당구  정자동,37.3638388,127.1163207
울산광역시 울주군 범서읍 구영리,35.5763649,129.2469933
서울특별시 종로구  신문로1가,37.5700056,126.9738934
경기도 군포시  대야미동,37.3259505,126.9190313
부산광역시 중구  중앙동4가,35.1087848,129.0385586
서울특별시 마포구  동교동,37.5576862,126.923487
광주광역시 북구  우산동,35.1702673,126.9209554
경기도 고양시 일산서구  주엽동,37.6716677,126.7605095
인천광역시 중구  인현동,37.475303,126.6307779
부산광역시 영도구  봉래동3가,35.0931895,129.0444764
강원도 원주시  우산동,37.3716044,127.9404923
경상북도 영덕군 강구면 삼사리,36.3447067,129.378846
경상남도 사천시  벌리동,34.9385351,128.0826812
광주광역시 북구  누문동,35.1540167,126.9065299
경기도 평택시  지산동,37.0764913,127.0761638
울산광역시 북구  화봉동,35.5944168,129.3706476
서울특별시 동작구  흑석동,37.5094857,126.9605285
대구광역시 남구  봉덕동,35.8298567,128.5968828
부산광역시 영도구  남항동2가,35.0881913,129.0384088
부산광역시 중구  중앙동5가,35.1023987,129.0371305
경상남도 함안군 군북면 월촌리,35.3023406,128.3064104
경상남도 통영시 광도면 황리,34.9626043,128.4154765
경상북도 경산시  중방동,35.8277645,128.736287
서울특별시 서초구  우면동,37.4651959,127.0164423
경상북도 포항시 북구  덕산동,36.0419278,129.3651951
서울특별시 동작구  노량진동,37.5110026,126.9416329
대전광역시 유성구  용계동,36.3241936,127.3296856
광주광역시 광산구  월계동,35.2161972,126.8358869
경상남도 남해군 남해읍 서변리,34.8348948,127.8919318
부산광역시 부산진구  양정동,35.17172410000001,129.0718241
경상남도 창원시 성산구  중앙동,35.220987,128.6737061
제주특별자치도 제주시  이호이동,33.4918162,126.4605879
전라북도 전주시 덕진구  팔복동1가,35.85661109999999,127.1053125
전라남도 순천시  풍덕동,34.9418042,127.4972398
경기도 부천시  송내동,37.4820996,126.765089
경기도 광명시  광명동,37.4706702,126.8527836
경기도 오산시  갈곶동,37.1295828,127.0720117
경상남도 창원시 진해구  풍호동,35.1375805,128.7073162
경상남도 통영시  무전동,34.8610648,128.4302807
대구광역시 수성구  만촌동,35.8679983,128.6490428
인천광역시 동구  창영동,37.4710516,126.6399674
서울특별시 성동구  송정동,37.5527653,127.0608277
경기도 파주시 문산읍 선유리,37.8657836,126.79943
경기도 이천시 마장면 표교리,37.2513363,127.4064237
서울특별시 용산구  원효로3가,37.5347545,126.95735
경상북도 경산시  삼북동,35.8184093,128.7397744
대구광역시 중구  교동,35.8733524,128.5998763
전라북도 익산시  인화동1가,35.9308875,126.9494313
전라북도 전주시 완산구  중앙동4가,35.8153616,127.1446441
강원도 동해시  묵호진동,37.5558816,129.1145348
경상남도 창원시 의창구  신월동,35.2272435,128.6895071
경상남도 통영시  당동,34.8358842,128.4060307
경상남도 창원시 마산합포구  해운동,35.1798365,128.5652213
서울특별시 영등포구  여의도동,37.5175402,126.9345308
경기도 화성시  병점동,37.2069255,127.0418929
서울특별시 구로구  신도림동,37.5077345,126.8805914
대구광역시 수성구  황금동,35.8417468,128.6321919
경상남도 창원시 진해구  경화동,35.1589877,128.6846902
제주특별자치도 서귀포시  강정동,33.2615636,126.49447
서울특별시 성북구  동선동1가,37.5921647,127.0181885
경상북도 경주시  성동동,35.8470637,129.2177633
제주특별자치도 제주시  노형동,33.48309800000001,126.4772312
경상남도 창원시 의창구  용호동,35.2366394,128.6838047
경상남도 창원시 진해구  대죽동,35.1408364,128.6664836
부산광역시 동구  초량동,35.119465,129.0354557
인천광역시 서구  경서동,37.539602,126.6260968
서울특별시 서대문구  충정로2가,37.5646792,126.9640448
경상북도 경주시  황오동,35.8470637,129.2177633
부산광역시 사하구  신평동,35.0910819,128.967099
충청북도 제천시  장락동,37.1476586,128.2276531
울산광역시 중구  복산동,35.5652672,129.3288813
경기도 성남시 수정구  신흥동,37.4487808,127.1480678
경기도 용인시 기흥구  신갈동,37.2833789,127.1017312
광주광역시 북구  임동,35.1657123,126.8943751
인천광역시 중구  사동,37.4687046,126.6251515
충청북도 보은군 삼승면 원남리,36.4001281,127.7219937
제주특별자치도 제주시  도련일동,33.5042129,126.5872568
대전광역시 중구  대흥동,36.3204163,127.4258494
서울특별시 강남구  율현동,37.4720063,127.1104558
서울특별시 종로구  홍지동,37.601247,126.9562041
광주광역시 동구  학동,35.1361491,126.9263531
서울특별시 노원구  중계동,37.6514398,127.0831273
경상남도 창원시 진해구  회현동,35.1507013,128.6569433
서울특별시 성동구  옥수동,37.54359350000001,127.0134664
울산광역시 남구  삼산동,35.544405,129.3318295
경기도 오산시  오산동,37.1512175,127.0752332
제주특별자치도 서귀포시  동홍동,33.2663197,126.5671727
경상남도 창원시 진해구  중평동,35.1474163,128.6598507
대구광역시 중구  남산동,35.8612519,128.5871093
서울특별시 서대문구  홍은동,37.5871322,126.9319759
제주특별자치도 제주시  도남동,33.4876744,126.5244076
경기도 하남시  학암동,37.4776989,127.1616155
경상북도 경주시  동천동,35.8508698,129.2364412
경기도 안양시 동안구  호계동,37.3781102,126.9530635
경기도 안산시 상록구  팔곡이동,37.2904681,126.8864182
경기도 동두천시  지행동,37.8899792,127.0643046
충청북도 음성군 대소면 오산리,36.9678678,127.4811226
대구광역시 북구  태전동,35.9219392,128.544655
부산광역시 서구  초장동,35.0959802,129.0202881
경상남도 사천시 사천읍 평화리,35.0806622,128.0895282
경상북도 김천시  신음동,36.135037,128.1222241
경기도 고양시 일산동구  정발산동,37.6724345,126.7797916
부산광역시 금정구  구서동,35.2539907,129.0820369
경상북도 포항시 남구  대잠동,36.0174499,129.3396528
부산광역시 금정구  장전동,35.2352909,129.0745646
서울특별시 용산구  동자동,37.5523409,126.972128
경기도 평택시  이충동,37.0590124,127.0650987
인천광역시 계양구  병방동,37.546437,126.7471975
전라남도 완도군 완도읍 군내리,34.3108342,126.7628683
충청남도 아산시 둔포면 석곡리,36.9142745,127.0595972
경상북도 구미시  원평동,36.1291883,128.3364391
경기도 수원시 영통구  영통동,37.2524485,127.0709721
경기도 평택시  평택동,36.9914146,127.0857394
경기도 시흥시  대야동,37.4429628,126.7884082
경기도 화성시 향남읍 평리,37.1323767,126.9097987
충청북도 청주시 상당구 남일면 효촌리,36.5851502,127.5076282
충청북도 청주시 서원구  개신동,36.6282989,127.4583253
대구광역시 중구  대봉동,35.8583779,128.6028943
대구광역시 동구  검사동,35.8954726,128.6617695
대구광역시 동구  서호동,35.8650694,128.7103882
경기도 광주시 곤지암읍 신촌리,37.32751560000001,127.3938411
강원도 춘천시  효자동,37.8712386,127.7367815
경기도 안산시 상록구  건건동,37.3116108,126.9054922
경상남도 통영시  도남동,34.8266933,128.4269384
강원도 원주시 흥업면 흥업리,37.3000884,127.9151808
부산광역시 사상구  주례동,35.150416,129.006358
울산광역시 울주군 범서읍 천상리,35.5558213,129.2197407
경상남도 창원시 의창구  소계동,35.2659484,128.5938025
부산광역시 동구  수정동,35.1320345,129.0400708
서울특별시 강서구  가양동,37.5648322,126.8342406
서울특별시 은평구  불광동,37.6183087,126.9390451
경기도 고양시 덕양구  행신동,37.6181827,126.8376892
울산광역시 남구  옥동,35.5352383,129.2938613
경기도 평택시 팽성읍 안정리,36.96094840000001,127.0447308
대구광역시 서구  중리동,35.8655425,128.5421983
경기도 안성시 공도읍 만정리,37.0107977,127.1783928
경기도 양주시 광적면 석우리,37.8351007,126.9793832
울산광역시 북구  양정동,35.5459058,129.3854635
부산광역시 서구  아미동2가,35.1001902,129.0121982
경상남도 거제시 연초면 죽토리,34.9141619,128.6589762
대전광역시 서구  도안동,36.32412679999999,127.3481023
경상남도 거창군 거창읍 중앙리,35.6894224,127.9121552
경기도 성남시 분당구  운중동,37.3951687,127.0775753
경기도 김포시 고촌읍 신곡리,37.60234130000001,126.7759738
대구광역시 북구  침산동,35.8978321,128.5858193
대전광역시 유성구  지족동,36.38317660000001,127.3011674
강원도 춘천시 남산면 창촌리,37.77526840000001,127.6312525
부산광역시 해운대구  우동,35.1727865,129.1466518
경기도 고양시 일산동구  중산동,37.6855271,126.7839804
강원도 원주시  개운동,37.3400805,127.9557417
전라북도 정읍시  연지동,35.5683855,126.8453416
부산광역시 중구  보수동3가,35.1042433,129.0224792
제주특별자치도 제주시  삼도이동,33.5120344,126.5209341
인천광역시 중구  신흥동1가,37.467379,126.6316299
전라북도 김제시  검산동,35.807469,126.9116071
부산광역시 중구  대청동4가,35.1061643,129.0300016
강원도 속초시  동명동,38.2125972,128.5957922
서울특별시 영등포구  영등포동3가,37.5177549,126.907807
전라북도 완주군 삼례읍 삼례리,35.9102907,127.0773831
광주광역시 남구  서동,35.1451839,126.9067281
대구광역시 동구  방촌동,35.8827435,128.6674251
경상북도 경산시  삼남동,35.8161814,128.7385734
서울특별시 성북구  하월곡동,37.6041779,127.0409997
전라남도 순천시  조례동,34.9613361,127.5258244
경기도 의정부시  금오동,37.7565525,127.0660432
경상남도 김해시  대청동,35.1914509,128.8028579
충청남도 당진시  수청동,36.895635,126.6507466
경상북도 안동시 풍천면 갈전리,36.5670476,128.5044174
인천광역시 중구  신생동,37.4661435,126.6287946
경상북도 울진군 후포면 삼율리,36.6882684,129.4292436
광주광역시 남구  백운동,35.1379397,126.9038116
인천광역시 부평구  부개동,37.4946227,126.7380521
서울특별시 용산구  용산동5가,37.5261782,126.9746368
경기도 군포시  산본동,37.3594144,126.9207863
경기도 화성시  석우동,37.2124754,127.0757752
충청남도 당진시  읍내동,36.8943428,126.6336588
충청북도 충주시  연수동,36.9898457,127.9416935
제주특별자치도 서귀포시 대정읍 상모리,33.2218976,126.2741296
경상남도 창원시 마산합포구  자산동,35.2055979,128.5654666
경기도 시흥시  장현동,37.38147590000001,126.7956954
인천광역시 계양구  용종동,37.5403889,126.7449356
충청남도 보령시  궁촌동,36.3413449,126.5935661
서울특별시 성동구  금호동1가,37.5543643,127.0244491
전라북도 익산시  영등동,35.9559394,126.9722179
부산광역시 사하구  감천동,35.0910972,129.0038545
부산광역시 사상구  엄궁동,35.1261401,128.9764074
대구광역시 동구  입석동,35.8968685,128.6510298
경기도 안성시  인지동,37.0048613,127.2685246
울산광역시 북구  신명동,35.6476951,129.4376878
제주특별자치도 서귀포시 성산읍 고성리,33.4445754,126.9095025
경상북도 구미시 산동면 봉산리,36.1448127,128.4507286
서울특별시 영등포구  양평동2가,37.5233465,126.8839827
경상남도 함양군 함양읍 용평리,35.5154337,127.7377476
인천광역시 중구  용동,37.4732405,126.6311968
전라남도 여수시  문수동,34.7555781,127.6975802
광주광역시 남구  노대동,35.0983822,126.9099343
부산광역시 서구  서대신동1가,35.105289,129.0127711
충청남도 천안시 동남구  신방동,36.7879934,127.1201161
대전광역시 대덕구  중리동,36.3605224,127.4264043
경기도 부천시  소사본동,37.473259,126.7949776
경상남도 거제시  옥포동,34.8941936,128.6885165
부산광역시 북구  덕천동,35.2121935,129.0140087
부산광역시 서구  부민동3가,35.1035882,129.0164519
경상남도 양산시  신기동,35.3516841,129.05108
경기도 포천시  신읍동,37.8995135,127.187286
인천광역시 중구  내동,37.4734741,126.6280723
경상남도 창원시 마산회원구  회원동,35.2211206,128.563554
부산광역시 기장군 일광면 삼성리,35.2621774,129.2241075
서울특별시 서초구  서초동,37.4876872,127.0174271
서울특별시 종로구  창신동,37.5750914,127.0121575
경기도 용인시 처인구 모현읍 왕산리,37.3383892,127.2694874
서울특별시 중구  만리동2가,37.5547643,126.964253
경상북도 구미시  진평동,36.101727,128.4089774
경상남도 사천시 사남면 방지리,35.0639482,128.0563626
충청북도 음성군 음성읍 신천리,36.9227157,127.6695157
서울특별시 성동구  하왕십리동,37.5689559,127.0279598
전라남도 나주시  금계동,35.030311,126.7148357
경기도 화성시 향남읍 하길리,37.1119594,126.9133743
경상북도 포항시 남구 대송면 제내리,35.9800414,129.3635485
서울특별시 강서구  화곡동,37.53811839999999,126.8471024
대전광역시 서구  둔산동,36.3555511,127.389945
경상남도 진주시  상대동,35.1817681,128.1134679
광주광역시 서구  치평동,35.1532517,126.8446191
서울특별시 서초구  방배동,37.4799348,126.9934602
경기도 용인시 기흥구  중동,37.2649393,127.1626385
경기도 성남시 수정구  수진동,37.4370678,127.1293927
대구광역시 수성구  시지동,35.84622239999999,128.6964254
경기도 구리시  인창동,37.6146576,127.1325968
경상남도 양산시  북부동,35.3455343,129.0466475
서울특별시 영등포구  당산동,37.5391115,126.9033939
경기도 의왕시  삼동,37.3222685,126.9571847
대전광역시 유성구  관평동,36.423159,127.3887906
경기도 용인시 기흥구  공세동,37.2387332,127.1122523
경기도 양주시  덕계동,37.8208098,127.0438869
경기도 안성시 죽산면 죽산리,37.0808262,127.422667
서울특별시 영등포구  양평동1가,37.5231632,126.8886362
부산광역시 서구  남부민동,35.0868477,129.0213065
경기도 남양주시  금곡동,37.6310941,127.2141655
부산광역시 금정구  부곡동,35.2303619,129.0955619
인천광역시 남동구  고잔동,37.3928913,126.7023091
울산광역시 울주군 웅촌면 곡천리,35.4686252,129.2056557
대구광역시 동구  봉무동,35.92636359999999,128.6434628
부산광역시 연제구  연산동,35.1816156,129.0882418
부산광역시 부산진구  개금동,35.1602794,129.0212158
인천광역시 남구  용현동,37.4506175,126.6418838
